Letra	Condición	Definición	Respuesta	Tema	Nivel	Idioma
A	Empieza por	Conjunto de tres o más notas que suenan simultáneamente.	Acorde	Música	Fácil	ES
A	Empieza por	Aparato que sirve para poner en el tono correcto un instrumento.	Afinador	Música	Fácil	ES
B	Empieza por	Agrupación musical formada principalmente por instrumentos de viento y percusión.	Banda	Música	Fácil	ES
B	Empieza por	Instrumento de percusión formado por una caja, bombos y platillos.	Batería	Música	Fácil	ES
C	Empieza por	Persona que hace música utilizando su propia voz.	Cantante	Música	Fácil	ES
C	Empieza por	Agrupación de personas que cantan simultáneamente una misma pieza.	Coro	Música	Fácil	ES
D	Empieza por	Persona que guía y coordina a los músicos de una orquesta.	Director	Música	Fácil	ES
D	Empieza por	Soporte físico, como el vinilo o el CD, donde se graba música.	Disco	Música	Fácil	ES
E	Empieza por	Lugar físico y elevado donde actúan los músicos en un concierto.	Escenario	Música	Fácil	ES
E	Empieza por	Parte de una canción que más se repite y que suele ser la más pegadiza.	Estribillo	Música	Fácil	ES
F	Empieza por	Evento donde actúan varios grupos o artistas durante uno o varios días.	Festival	Música	Fácil	ES
F	Empieza por	Instrumento de viento con forma de tubo que se toca soplando por un extremo o por un lateral.	Flauta	Música	Fácil	ES
G	Empieza por	Viaje de un artista o grupo por distintas ciudades para dar conciertos.	Gira	Música	Fácil	ES
G	Empieza por	Instrumento de cuerda pulsada, muy popular, que suele tener seis cuerdas.	Guitarra	Música	Fácil	ES
H	Empieza por	Subgénero del rock muy intenso y ruidoso, conocido como "... metal".	Heavy	Música	Fácil	ES
H	Empieza por	Composición solemne que representa a un país, región o equipo.	Himno	Música	Fácil	ES
I	Empieza por	Objeto diseñado y utilizado específicamente para producir música.	Instrumento	Música	Fácil	ES
I	Empieza por	Persona que toca un instrumento musical o canta en un escenario.	Intérprete	Música	Fácil	ES
J	Empieza por	Género musical nacido en EE. UU., muy conocido por usar el saxofón y la improvisación.	Jazz	Música	Fácil	ES
J	Empieza por	Baile y canto tradicional muy popular en varias regiones de España, como Aragón.	Jota	Música	Fácil	ES
K	Empieza por	Diversión que consiste en cantar leyendo la letra sobre una pista musical pregrabada.	Karaoke	Música	Fácil	ES
K	Empieza por	Género de música pop originario de Corea del Sur, famoso por sus coreografías.	K-pop	Música	Fácil	ES
L	Empieza por	Tempo musical que indica una velocidad pausada y tranquila.	Lento	Música	Fácil	ES
L	Empieza por	Texto o palabras que acompañan a la música de una canción.	Letra	Música	Fácil	ES
M	Empieza por	Aparato electrónico que sirve para amplificar la voz del cantante.	Micrófono	Música	Fácil	ES
M	Empieza por	Persona que se dedica profesionalmente a componer o tocar música.	Músico	Música	Fácil	ES
N	Empieza por	Canción de cuna suave y relajante para que se duerman los bebés.	Nana	Música	Fácil	ES
N	Empieza por	Signo gráfico que representa un sonido musical, como Do, Re o Mi.	Nota	Música	Fácil	ES
Ñ	Contiene la	Parte musical que sirve de fondo y apoyo a la melodía principal.	Acompañamiento	Música	Fácil	ES
Ñ	Contiene la	Instrumento de percusión de madera, que se toca con los dedos, típico del folclore español.	Castañuelas	Música	Fácil	ES
O	Empieza por	Obra teatral clásica donde los actores cantan sus papeles en lugar de hablarlos.	Ópera	Música	Fácil	ES
O	Empieza por	Conjunto numeroso de músicos que tocan juntos instrumentos de cuerda, viento y percusión.	Orquesta	Música	Fácil	ES
P	Empieza por	Texto de una composición musical escrito sobre un pentagrama.	Partitura	Música	Fácil	ES
P	Empieza por	Instrumento de teclado con cuerdas golpeadas en su interior.	Piano	Música	Fácil	ES
Q	Contiene la	Persona a la que le gusta mucho escuchar o tocar música rock.	Roquero	Música	Fácil	ES
Q	Contiene la	Acción de hacer sonar un instrumento, como el "... de campanas".	Toque	Música	Fácil	ES
R	Empieza por	Orden y proporción de los sonidos en el tiempo; el pulso de la canción.	Ritmo	Música	Fácil	ES
R	Empieza por	Género musical al que pertenecen bandas legendarias como The Beatles o Queen.	Rock	Música	Fácil	ES
S	Empieza por	Composición musical extensa y compleja escrita para ser tocada por una orquesta.	Sinfonía	Música	Fácil	ES
S	Empieza por	Músico o cantante que actúa solo o tiene el papel principal en una pieza.	Solista	Música	Fácil	ES
T	Empieza por	Instrumento de percusión cilíndrico que se golpea con palillos o baquetas.	Tambor	Música	Fácil	ES
T	Empieza por	Instrumento de viento metal que suele tener tres pistones.	Trompeta	Música	Fácil	ES
U	Empieza por	Instrumento de cuerda similar a una guitarra pequeña, típico de la música hawaiana.	Ukelele	Música	Fácil	ES
U	Empieza por	Efecto que se produce cuando varias voces o instrumentos suenan exactamente en la misma nota.	Unísono	Música	Fácil	ES
V	Empieza por	Instrumento de cuerda frotada, el más pequeño de su familia, que se apoya en el hombro.	Violín	Música	Fácil	ES
V	Empieza por	Sonido emitido por las cuerdas vocales que el cantante utiliza como instrumento.	Voz	Música	Fácil	ES
W	Contiene la	Espectáculo en vivo, a menudo con gran despliegue visual de luces y música.	Show	Música	Fácil	ES
W	Contiene la	Estilo de jazz muy rítmico y bailable nacido en la década de 1930.	Swing	Música	Fácil	ES
X	Contiene la	Instrumento de viento metal, curvado, muy utilizado en el jazz y patentado por Adolphe Sax.	Saxofón	Música	Fácil	ES
X	Empieza por	Instrumento de percusión formado por láminas de madera afinadas que se golpean con mazos.	Xilófono	Música	Fácil	ES
Y	Contiene la	Práctica preparatoria que realizan los músicos antes de presentarse en directo.	Ensayo	Música	Fácil	ES
Y	Contiene la	Simulación de estar cantando o tocando mientras realmente suena una pista de audio grabada.	Playback	Música	Fácil	ES
Z	Contiene la	Sucesión de movimientos del cuerpo realizados al ritmo de la música.	Danza	Música	Fácil	ES
Z	Empieza por	Género musical escénico tradicional de España que mezcla partes cantadas y habladas.	Zarzuela	Música	Fácil	ES
A	Empieza por	Sucesión de los sonidos de un acorde tocados uno tras otro.	Arpegio	Música	Medio	ES
A	Empieza por	Composición musical escrita para una sola voz, típica de la ópera.	Aria	Música	Medio	ES
B	Empieza por	Voz masculina de registro medio, situada entre el tenor y el bajo.	Barítono	Música	Medio	ES
B	Empieza por	Palo corto con el que el director marca el compás a la orquesta.	Batuta	Música	Medio	ES
C	Empieza por	Entidad métrica musical compuesta por varias unidades de tiempo.	Compás	Música	Medio	ES
C	Empieza por	Signo que se coloca al principio del pentagrama para dar nombre a las notas.	Clave	Música	Medio	ES
D	Empieza por	Instrumento metálico en forma de horquilla que al vibrar da un tono puro para afinar.	Diapasón	Música	Medio	ES
D	Empieza por	Mezcla de sonidos que resultan faltos de armonía o crean tensión acústica.	Disonancia	Música	Medio	ES
E	Empieza por	Sucesión ordenada de notas musicales.	Escala	Música	Medio	ES
E	Empieza por	Pieza musical compuesta para perfeccionar una técnica instrumental específica.	Estudio	Música	Medio	ES
F	Empieza por	Técnica vocal que permite alcanzar notas más agudas que el registro natural.	Falsete	Música	Medio	ES
F	Empieza por	Pieza musical polifónica donde un tema se repite y desarrolla por diferentes voces.	Fuga	Música	Medio	ES
G	Empieza por	Deslizamiento rápido de un tono a otro continuo a través de los tonos intermedios.	Glissando	Música	Medio	ES
G	Empieza por	Música religiosa de origen afroamericano caracterizada por su energía y coros.	Góspel	Música	Medio	ES
H	Empieza por	Danza de origen cubano, de compás binario y ritmo pausado.	Habanera	Música	Medio	ES
H	Empieza por	Textura musical en la que varias voces se mueven simultáneamente con los mismos ritmos.	Homofonía	Música	Medio	ES
I	Empieza por	Distancia de altura que hay entre dos notas musicales.	Intervalo	Música	Medio	ES
I	Empieza por	Creación musical espontánea que se realiza en el momento de la interpretación.	Improvisación	Música	Medio	ES
J	Empieza por	Melodía publicitaria corta y fácil de recordar.	Jingle	Música	Medio	ES
J	Empieza por	Encuentro informal de músicos para tocar e improvisar sin ensayo previo.	Jam	Música	Medio	ES
K	Empieza por	Instrumento de viento pequeño que modifica la voz humana al zumbar en él.	Kazoo	Música	Medio	ES
K	Empieza por	Teclado electrónico que se cuelga al cuello como si fuera una guitarra.	Keytar	Música	Medio	ES
L	Empieza por	Texto que Contiene la los diálogos y las letras de una ópera o zarzuela.	Libreto	Música	Medio	ES
L	Empieza por	Artesano que construye, ajusta y repara instrumentos de cuerda.	Luthier	Música	Medio	ES
M	Empieza por	Aparato que marca con exactitud la velocidad a la que debe ir una obra musical.	Metrónomo	Música	Medio	ES
M	Empieza por	Composición breve para varias voces, típica del Renacimiento, generalmente de tema profano.	Madrigal	Música	Medio	ES
N	Empieza por	Pieza musical de carácter soñador y melancólico, popularizada por Chopin.	Nocturno	Música	Medio	ES
N	Empieza por	Símbolo musical usado en la notación gregoriana antes del pentagrama moderno.	Neuma	Música	Medio	ES
Ñ	Contiene la	Lámina flexible, generalmente de madera, que vibra en la boquilla de algunos instrumentos de viento.	Caña	Música	Medio	ES
Ñ	Contiene la	Danza popular gallega de compás ternario, acompañada frecuentemente por gaita.	Muñeira	Música	Medio	ES
O	Empieza por	Intervalo de ocho grados entre dos notas de la escala musical.	Octava	Música	Medio	ES
O	Empieza por	Pieza instrumental que precede y sirve de introducción a una ópera u obra extensa.	Obertura	Música	Medio	ES
P	Empieza por	Conjunto de cinco líneas paralelas y cuatro espacios donde se escriben las notas.	Pentagrama	Música	Medio	ES
P	Empieza por	Textura musical que combina varias voces o melodías independientes y simultáneas.	Polifonía	Música	Medio	ES
Q	Contiene la	Agrupación musical formada por cinco voces o instrumentos.	Quinteto	Música	Medio	ES
Q	Contiene la	Pequeña guitarra de tono agudo usada en la música tradicional hispanoamericana.	Requinto	Música	Medio	ES
R	Empieza por	Composición musical dedicada a la memoria de un difunto.	Réquiem	Música	Medio	ES
R	Empieza por	Frase musical corta y repetitiva que suele ser la base de una canción de rock.	Riff	Música	Medio	ES
S	Empieza por	Signo musical que eleva medio tono la altura de una nota natural.	Sostenido	Música	Medio	ES
S	Empieza por	Voz humana femenina de registro más agudo.	Soprano	Música	Medio	ES
T	Empieza por	Velocidad a la que debe interpretarse una composición musical.	Tempo	Música	Medio	ES
T	Empieza por	Resalte de metal en el mástil de la guitarra que separa las notas.	Traste	Música	Medio	ES
U	Empieza por	Formato de concierto o disco en el que se utilizan instrumentos acústicos en lugar de eléctricos.	Unplugged	Música	Medio	ES
U	Empieza por	Música alternativa que se desarrolla al margen de la industria comercial y masiva.	Underground	Música	Medio	ES
V	Empieza por	Fluctuación periódica en el tono o altura de una nota para darle expresividad.	Vibrato	Música	Medio	ES
V	Empieza por	Músico que domina de forma extraordinaria la técnica de su instrumento.	Virtuoso	Música	Medio	ES
W	Empieza por	Pedal de efectos para guitarra eléctrica que altera el tono creando un sonido vocal.	Wah-wah	Música	Medio	ES
W	Contiene la	Apellido del influyente músico británico conocido como el "Duque Blanco".	Bowie	Música	Medio	ES
X	Contiene la	Apellido del famoso e influyente guitarrista zurdo estadounidense de nombre Jimi.	Hendrix	Música	Medio	ES
X	Contiene la	Coro musical que está formado tanto por voces femeninas como masculinas.	Mixto	Música	Medio	ES
Y	Empieza por	Tambor africano con forma de cáliz que se toca directamente con las manos.	Yembé	Música	Medio	ES
Y	Empieza por	Canto tradicional de los Alpes caracterizado por cambios bruscos de registro vocal.	Yodel	Música	Medio	ES
Z	Empieza por	Instrumento rústico de fricción muy popular en España durante la Navidad.	Zambomba	Música	Medio	ES
Z	Contiene la	Técnica de tocar instrumentos de cuerda frotada pellizcando las cuerdas con los dedos.	Pizzicato	Música	Medio	ES
A	Empieza por	Nota o grupo de notas iniciales de una frase musical que preceden al primer tiempo fuerte.	Anacrusa	Música	Difícil	ES
A	Empieza por	Falta de tono o incapacidad cerebral para percibir o reconocer tonos musicales.	Amusia	Música	Difícil	ES
B	Empieza por	Estilo de jazz de los años 40 caracterizado por tempos rápidos, asimetría y virtuosismo.	Bebop	Música	Difícil	ES
B	Empieza por	Canto a dos voces donde una mantiene una nota pedal constante y grave.	Bordón	Música	Difícil	ES
C	Empieza por	Adorno vocal que consiste en un pasaje rápido de varias notas cantadas sobre una sola sílaba.	Coloratura	Música	Difícil	ES
C	Empieza por	Instrumento de teclado del periodo barroco cuyas cuerdas son pellizcadas por púas.	Clavecín	Música	Difícil	ES
D	Empieza por	Sistema musical de doce sonidos basado en la escala cromática introducido por Schoenberg.	Dodecafonismo	Música	Difícil	ES
D	Empieza por	Término italiano que indica la disminución gradual de la intensidad del sonido.	Decrescendo	Música	Difícil	ES
E	Empieza por	Primera parte de la forma sonata donde se presentan los temas principales de la obra.	Exposición	Música	Difícil	ES
E	Empieza por	Instrumento de cuerda percutida con teclado, de pequeño tamaño, antecesor del piano.	Espineta	Música	Difícil	ES
F	Empieza por	Agrupación musical formada exclusivamente por instrumentos de viento metal y percusión.	Fanfarria	Música	Difícil	ES
F	Empieza por	En notación musical, signo de calderón que indica una pausa prolongada a voluntad del intérprete.	Fermata	Música	Difícil	ES
G	Empieza por	Canto litúrgico oficial de la Iglesia católica romana, monofónico, a capela y en latín.	Gregoriano	Música	Difícil	ES
G	Empieza por	Instrumento de percusión metálico formado por láminas afinadas, usado en la orquesta sinfónica.	Glockenspiel	Música	Difícil	ES
H	Empieza por	Escala musical compuesta por siete sonidos diferentes.	Heptatónica	Música	Difícil	ES
H	Empieza por	Género musical folclórico peruano y andino de origen precolombino.	Huayno	Música	Difícil	ES
I	Empieza por	Modificación de la estructura armónica manteniendo las mismas notas pero cambiando la del bajo.	Inversión	Música	Difícil	ES
I	Empieza por	Canto litúrgico gregoriano que acompaña la entrada del celebrante en la misa.	Introito	Música	Difícil	ES
J	Empieza por	Danza y canto popular del Siglo de Oro español de carácter alegre, pícaro y burlesco.	Jácara	Música	Difícil	ES
J	Empieza por	Estilo de cante flamenco considerado el más primitivo, genuino y profundo.	Jondo	Música	Difícil	ES
K	Empieza por	Género de música instrumental tradicional de los judíos asquenazíes de Europa del Este.	Klezmer	Música	Difícil	ES
K	Empieza por	Instrumento tradicional de origen japonés, que consiste en una cítara de trece cuerdas.	Koto	Música	Difícil	ES
L	Empieza por	Pequeña indicación temática musical que representa a un personaje o idea, muy usada por Wagner.	Leitmotiv	Música	Difícil	ES
L	Empieza por	Instrumento antiguo de cuerda pulsada con el mástil doblado hacia atrás, popular en el Renacimiento.	Laúd	Música	Difícil	ES
M	Empieza por	Composición vocal polifónica, de tema generalmente religioso, nacida en el siglo XIII.	Motete	Música	Difícil	ES
M	Empieza por	Adorno vocal consistente en cantar varias notas seguidas sobre una misma sílaba del texto.	Melisma	Música	Difícil	ES
N	Empieza por	Corriente musical del siglo XX que buscaba la vuelta a las formas clásicas pero con lenguaje moderno.	Neoclasicismo	Música	Difícil	ES
N	Empieza por	En armonía, acorde de sexta que se forma sobre el segundo grado rebajado de una escala.	Napolitana	Música	Difícil	ES
Ñ	Contiene la	Instrumento de viento andino formado por tubos de caña de diferentes longitudes unidos en fila.	Zampoña	Música	Difícil	ES
Ñ	Contiene la	Instrumento musical antiguo de cuerda frotada, cuya rueda de resina se hace girar con una manivela.	Zanfoña	Música	Difícil	ES
O	Empieza por	Composición dramática musical, generalmente de tema religioso, sin escenificación ni vestuario.	Oratorio	Música	Difícil	ES
O	Empieza por	Figura rítmica de valoración especial formada por ocho notas que equivalen a seis de su misma especie.	Octillo	Música	Difícil	ES
P	Empieza por	Serie de danzas instrumentales del Barroco, término frecuentemente sinónimo de suite.	Partita	Música	Difícil	ES
P	Empieza por	Composición de forma libre, a menudo virtuosa, que suele servir de introducción a una fuga.	Preludio	Música	Difícil	ES
Q	Empieza por	Expresión vocal profunda y desgarradora, semejante a un lamento, característica del cante flamenco.	Quejío	Música	Difícil	ES
Q	Contiene la	Acción de tañer las campanas rítmicamente en señal de celebración o festividad.	Repique	Música	Difícil	ES
R	Empieza por	Forma musical de origen medieval en la que un tema principal o estribillo se alterna con temas secundarios.	Rondó	Música	Difícil	ES
R	Empieza por	Conjunto de las obras, canciones o papeles que un artista o compañía tiene preparados para interpretar.	Repertorio	Música	Difícil	ES
S	Empieza por	Pieza breve, a menudo parte de una sonata o sinfonía, de carácter ligero, rápido e independiente.	Scherzo	Música	Difícil	ES
S	Empieza por	Desplazamiento del acento musical a un tiempo o parte débil del compás.	Síncopa	Música	Difícil	ES
T	Empieza por	Intervalo musical que abarca tres tonos enteros, conocido en la Edad Media como el "diabolus in musica".	Tritono	Música	Difícil	ES
T	Empieza por	Sistema de afinación histórica y teórica que ajusta las distancias de los intervalos para afinar escalas.	Temperamento	Música	Difícil	ES
U	Empieza por	Sílaba original que daba nombre a la primera nota de la escala musical antes de ser sustituida por el "Do".	Ut	Música	Difícil	ES
U	Contiene la	Instrumento tradicional ruso de cuerdas pulsadas, parecido a una cítara.	Gusli	Música	Difícil	ES
V	Empieza por	Instrumento de cuerda frotada del Renacimiento y Barroco que se toca sostenido verticalmente entre las piernas.	Viola da gamba	Música	Difícil	ES
V	Empieza por	Instrumento renacentista de cuerda pulsada, similar a la guitarra, muy popular en la corte española.	Vihuela	Música	Difícil	ES
W	Empieza por	Apellido del compositor alemán, creador del monumental ciclo de cuatro óperas "El anillo del nibelungo".	Wagner	Música	Difícil	ES
W	Empieza por	Ópera atonal del compositor austriaco Alban Berg, de gran carga psicológica, estrenada en 1925.	Wozzeck	Música	Difícil	ES
X	Contiene la	Escala musical teórica de seis sonidos desarrollada en la Edad Media por Guido d'Arezzo.	Hexacordo	Música	Difícil	ES
X	Contiene la	Canto de alabanza litúrgica a Dios propio de la tradición cristiana ortodoxa y católica.	Doxología	Música	Difícil	ES
Y	Empieza por	Canto dulce y melancólico tradicional de los Andes, de origen incaico, que expresa tristeza.	Yaraví	Música	Difícil	ES
Y	Contiene la	Canción estrófica inglesa del Renacimiento escrita para voz solista con acompañamiento de laúd.	Ayre	Música	Difícil	ES
Z	Empieza por	Danza barroca española de compás ternario y movimiento solemne que formaba parte de la suite instrumental.	Zarabanda	Música	Difícil	ES
Z	Empieza por	Danza popular española y latinoamericana de ritmo vivo, ejecutada golpeando el suelo rítmicamente con los zapatos.	Zapateado	Música	Difícil	ES
A	Empieza por	Persona que crea o escribe una obra literaria.	Autor	Literatura	Fácil	ES
A	Empieza por	Narración breve y curiosa de un suceso real o divertido.	Anécdota	Literatura	Fácil	ES
B	Empieza por	Lugar, edificio o sala donde se guardan, consultan y prestan libros.	Biblioteca	Literatura	Fácil	ES
B	Empieza por	Libro o texto que cuenta la vida de una persona.	Biografía	Literatura	Fácil	ES
C	Empieza por	Narración breve de ficción, con argumento sencillo, muy habitual para niños.	Cuento	Literatura	Fácil	ES
C	Empieza por	Cada una de las partes principales en las que se divide un libro o novela.	Capítulo	Literatura	Fácil	ES
D	Empieza por	Conversación escrita entre dos o más personajes en una obra literaria o teatral.	Diálogo	Literatura	Fácil	ES
D	Empieza por	Libro que recoge y explica el significado de las palabras de un idioma.	Diccionario	Literatura	Fácil	ES
E	Empieza por	Persona que se dedica profesionalmente a escribir libros.	Escritor	Literatura	Fácil	ES
E	Empieza por	Obra de consulta que recoge conocimientos generales sobre muchas materias.	Enciclopedia	Literatura	Fácil	ES
F	Empieza por	Relato literario breve, a menudo con animales, que termina con una enseñanza o moraleja.	Fábula	Literatura	Fácil	ES
F	Empieza por	Tipo de literatura que narra historias, personajes y sucesos inventados o imaginarios.	Ficción	Literatura	Fácil	ES
G	Empieza por	Categoría para clasificar las obras literarias, como poesía, teatro o novela.	Género	Literatura	Fácil	ES
G	Empieza por	Texto escrito que Contiene la los diálogos y detalles para representar una obra teatral o película.	Guion	Literatura	Fácil	ES
H	Empieza por	Sucesión de hechos o eventos, reales o inventados, que se narran en un libro.	Historia	Literatura	Fácil	ES
H	Empieza por	Personaje principal de una obra literaria que realiza hazañas y actos valerosos.	Héroe	Literatura	Fácil	ES
I	Empieza por	Parte inicial de un libro que presenta el tema antes de comenzar a desarrollarlo.	Introducción	Literatura	Fácil	ES
I	Empieza por	Dibujo o imagen que acompaña al texto de un libro para adornarlo o explicarlo.	Ilustración	Literatura	Fácil	ES
J	Empieza por	Artista medieval que iba de pueblo en pueblo recitando poemas, historias y cantando.	Juglar	Literatura	Fácil	ES
J	Empieza por	Nombre de la joven protagonista que vive un trágico amor con Romeo en la obra de Shakespeare.	Julieta	Literatura	Fácil	ES
K	Empieza por	Apellido del famoso escritor checo autor de la novela "La metamorfosis".	Kafka	Literatura	Fácil	ES
K	Empieza por	Dispositivo electrónico muy popular creado por Amazon, diseñado específicamente para leer libros digitales.	Kindle	Literatura	Fácil	ES
L	Empieza por	Conjunto de hojas de papel impresas y encuadernadas que forman una obra que se puede leer.	Libro	Literatura	Fácil	ES
L	Empieza por	Persona que lee un libro, un texto o cualquier obra literaria.	Lector	Literatura	Fácil	ES
M	Empieza por	Enseñanza, consejo o lección moral que se deduce al final de una fábula.	Moraleja	Literatura	Fácil	ES
M	Empieza por	Relato tradicional, protagonizado por dioses o héroes, que explica el origen del mundo.	Mito	Literatura	Fácil	ES
N	Empieza por	Obra literaria extensa en prosa que cuenta una historia de ficción.	Novela	Literatura	Fácil	ES
N	Empieza por	Voz o personaje que se encarga de contar la historia en un relato o libro.	Narrador	Literatura	Fácil	ES
Ñ	Contiene la	Recuadro delimitado con dibujos y texto que forma parte de un cómic o historieta.	Viñeta	Literatura	Fácil	ES
Ñ	Contiene la	Escrito breve publicado en prensa o internet en el que se resume y valora un libro recién salido.	Reseña	Literatura	Fácil	ES
O	Empieza por	Creación literaria o artística, como un libro, un poema o un cuadro.	Obra	Literatura	Fácil	ES
O	Empieza por	Poema lírico de tono elevado creado para alabar, homenajear o celebrar a alguien o algo.	Oda	Literatura	Fácil	ES
P	Empieza por	Cada una de las dos caras de una hoja de papel dentro de un libro.	Página	Literatura	Fácil	ES
P	Empieza por	Composición literaria escrita en verso que expresa emociones, belleza o sentimientos.	Poema	Literatura	Fácil	ES
Q	Empieza por	Sobrenombre del famoso hidalgo creado por Cervantes que luchaba contra molinos de viento.	Quijote	Literatura	Fácil	ES
Q	Contiene la	Representación gráfica o resumen muy visual de las ideas principales de un texto.	Esquema	Literatura	Fácil	ES
R	Empieza por	Texto breve que expone las ideas principales o el argumento de un libro más largo.	Resumen	Literatura	Fácil	ES
R	Empieza por	Igualdad o semejanza de sonidos al final de los versos de un poema.	Rima	Literatura	Fácil	ES
S	Empieza por	Conjunto de libros o novelas que comparten el mismo universo, personajes o historia continuada.	Saga	Literatura	Fácil	ES
S	Empieza por	Apellido del escritor y dramaturgo inglés más famoso de todos los tiempos, autor de "Hamlet".	Shakespeare	Literatura	Fácil	ES
T	Empieza por	Nombre que se le da a un libro, cuento o poema para identificarlo.	Título	Literatura	Fácil	ES
T	Empieza por	Conjunto de palabras escritas que forman un mensaje, un documento o el contenido de un libro.	Texto	Literatura	Fácil	ES
U	Empieza por	Sociedad o lugar imaginario y perfecto descrito en la literatura, donde todo funciona con armonía.	Utopía	Literatura	Fácil	ES
U	Empieza por	Mundo imaginario y mágico creado por un autor para ambientar su historia, como el de Harry Potter.	Universo	Literatura	Fácil	ES
V	Empieza por	Cada una de las líneas o renglones cortos sujetos a ritmo que forman un poema.	Verso	Literatura	Fácil	ES
V	Empieza por	Cada uno de los libros individuales que forman una obra literaria o enciclopedia completa.	Volumen	Literatura	Fácil	ES
W	Empieza por	Famosa plataforma en internet donde escritores aficionados publican y leen historias gratis.	Wattpad	Literatura	Fácil	ES
W	Contiene la	Apellido de la escritora británica (J.K. ...) creadora del personaje Harry Potter.	Rowling	Literatura	Fácil	ES
X	Contiene la	Conjunto de palabras, vocabulario o expresiones que conoce o usa un escritor en su obra.	Léxico	Literatura	Fácil	ES
X	Contiene la	Parte final añadida a un libro donde se incluyen documentos, mapas o datos complementarios.	Anexo	Literatura	Fácil	ES
Y	Contiene la	Narración tradicional que mezcla hechos reales con sucesos maravillosos o fantásticos.	Leyenda	Literatura	Fácil	ES
Y	Contiene la	Texto literario en prosa en el que un autor reflexiona y opina sobre un tema específico.	Ensayo	Literatura	Fácil	ES
Z	Empieza por	Calzado de cristal que pierde la protagonista del cuento clásico "Cenicienta".	Zapato	Literatura	Fácil	ES
Z	Empieza por	Apellido del escritor español (José ...) famoso por ser el autor de la obra de teatro "Don Juan Tenorio".	Zorrilla	Literatura	Fácil	ES
A	Empieza por	Repetición de un mismo sonido en varias palabras de una misma frase para producir un efecto sonoro.	Aliteración	Literatura	Medio	ES
A	Empieza por	Recopilación de obras literarias notables, ya sean de un solo autor o de varios.	Antología	Literatura	Medio	ES
B	Empieza por	Libro de gran éxito comercial que alcanza rápidamente el número uno de ventas.	Best seller	Literatura	Medio	ES
B	Empieza por	Poema o novela que trata e idealiza la vida apacible de los pastores en el campo.	Bucólica	Literatura	Medio	ES
C	Empieza por	Obra dramática o teatral de tono alegre y divertido, que suele tener un final feliz.	Comedia	Literatura	Medio	ES
C	Empieza por	Poema en el que las letras de los versos forman un dibujo relacionado con el tema del texto.	Caligrama	Literatura	Medio	ES
D	Empieza por	Parte final de una obra literaria o teatral en la que se resuelve la trama o el conflicto.	Desenlace	Literatura	Medio	ES
D	Empieza por	Obra de teatro o cine en la que suceden acciones graves o desgraciadas, sin llegar a la tragedia.	Drama	Literatura	Medio	ES
E	Empieza por	Composición poética en la que el autor lamenta la muerte de una persona o una desgracia.	Elegía	Literatura	Medio	ES
E	Empieza por	Adjetivo que destaca una cualidad propia o característica del sustantivo al que acompaña, como "blanca nieve".	Epíteto	Literatura	Medio	ES
F	Empieza por	Novela dramática por episodios y de carácter popular que se publicaba antiguamente en los periódicos.	Folletín	Literatura	Medio	ES
F	Empieza por	Obra de teatro cómica, a menudo breve, con personajes y situaciones grotescas o exageradas.	Farsa	Literatura	Medio	ES
G	Empieza por	Corriente literaria que se caracteriza por atmósferas misteriosas, castillos ruinosos, terror y romance.	Gótico	Literatura	Medio	ES
G	Empieza por	Conjunto de escritores que viven en la misma época y comparten un estilo literario, como la del 98.	Generación	Literatura	Medio	ES
H	Empieza por	Figura retórica que consiste en alterar el orden lógico de las palabras en una oración para darle efecto poético.	Hipérbaton	Literatura	Medio	ES
H	Empieza por	Exageración desproporcionada de un hecho, cualidad o situación en un texto literario.	Hipérbole	Literatura	Medio	ES
I	Empieza por	Figura literaria mediante la cual se da a entender exactamente lo contrario de lo que se está diciendo.	Ironía	Literatura	Medio	ES
I	Empieza por	Acción misteriosa que sirve de base a la trama de una obra dramática, novela o de suspense.	Intriga	Literatura	Medio	ES
J	Empieza por	Conjunto de expresiones o vocabulario específico que utilizan los miembros de un determinado grupo social.	Jerga	Literatura	Medio	ES
J	Empieza por	Apellido del célebre escritor irlandés, famoso por su compleja y revolucionaria novela "Ulises".	Joyce	Literatura	Medio	ES
K	Empieza por	Apellido del escritor británico nacido en India (Rudyard ...), autor de "El libro de la selva".	Kipling	Literatura	Medio	ES
K	Contiene la	Poema breve tradicional japonés de diecisiete sílabas escritas en tres versos, habitualmente sobre la naturaleza.	Haiku	Literatura	Medio	ES
L	Empieza por	Género literario en el que el autor expresa sus sentimientos, pensamientos y emociones íntimas.	Lírica	Literatura	Medio	ES
L	Empieza por	Adjetivo usado para referirse a un escritor o poeta que ha sido galardonado o premiado con gran honor.	Laureado	Literatura	Medio	ES
M	Empieza por	Identificación de un término real con uno imaginario por la semejanza que existe entre ellos.	Metáfora	Literatura	Medio	ES
M	Empieza por	Discurso dicho por una sola persona que se dirige a sí misma o al público sin esperar respuesta.	Monólogo	Literatura	Medio	ES
N	Empieza por	Parte de una narración literaria donde surge el problema o el momento de mayor tensión antes del desenlace.	Nudo	Literatura	Medio	ES
N	Empieza por	Corriente literaria derivada del realismo que describe el comportamiento humano con extrema objetividad.	Naturalismo	Literatura	Medio	ES
Ñ	Contiene la	Pájaro cantor que protagoniza el verso "sino por una avecilla que me cantaba al albor" en un famoso romance.	Ruiseñor	Literatura	Medio	ES
Ñ	Contiene la	Palabra que completa el título de la novela más famosa de Gabriel García Márquez: "Cien ... de soledad".	Años	Literatura	Medio	ES
O	Empieza por	Figura retórica que consiste en la imitación de un sonido de la naturaleza o ruido a través de las palabras.	Onomatopeya	Literatura	Medio	ES
O	Empieza por	Figura literaria que consiste en combinar dos términos de significado opuesto en una misma expresión.	Oxímoron	Literatura	Medio	ES
P	Empieza por	Texto previo a una obra literaria, a modo de introducción, que suele escribir el mismo autor u otra persona.	Prólogo	Literatura	Medio	ES
P	Empieza por	Figura retórica que consiste en atribuir cualidades o acciones humanas a animales o cosas inanimadas.	Personificación	Literatura	Medio	ES
Q	Empieza por	Apellido del gran escritor español del Siglo de Oro, máximo representante del conceptismo.	Quevedo	Literatura	Medio	ES
Q	Empieza por	Estrofa poética compuesta por cinco versos de arte menor, cuya rima puede variar bajo ciertas reglas.	Quintilla	Literatura	Medio	ES
R	Empieza por	Movimiento literario del siglo XIX que daba prioridad a los sentimientos, la pasión y la rebeldía individual.	Romanticismo	Literatura	Medio	ES
R	Empieza por	Poema tradicional hispánico de versos octosílabos, con rima asonante en los pares y libre en los impares.	Romance	Literatura	Medio	ES
S	Empieza por	Composición poética formada por catorce versos endecasílabos distribuidos en dos cuartetos y dos tercetos.	Soneto	Literatura	Medio	ES
S	Empieza por	Obra literaria que critica de forma aguda y burlesca los vicios, costumbres o defectos de una sociedad.	Sátira	Literatura	Medio	ES
T	Empieza por	Subgénero dramático en el que los personajes se enfrentan a un destino fatal o doloroso e inevitable.	Tragedia	Literatura	Medio	ES
T	Empieza por	Conjunto de tres obras literarias de un mismo autor que tienen una relación o continuidad entre sí.	Trilogía	Literatura	Medio	ES
U	Empieza por	Apellido del escritor y filósofo de la Generación del 98 que escribió obras como "Niebla".	Unamuno	Literatura	Medio	ES
U	Contiene la	Nombre de la mujer idealizada a la que Don Quijote de la Mancha dedica todas sus hazañas.	Dulcinea	Literatura	Medio	ES
V	Empieza por	Movimiento literario que se caracteriza por romper con las normas tradicionales y buscar la innovación.	Vanguardia	Literatura	Medio	ES
V	Empieza por	Nombre que recibe el idioma o lengua nativa, propia del lugar donde se escribe una obra.	Vernáculo	Literatura	Medio	ES
W	Empieza por	Apellido del célebre y agudo escritor irlandés autor de "El retrato de Dorian Gray".	Wilde	Literatura	Medio	ES
W	Contiene la	Apellido del leal médico y compañero del detective literario Sherlock Holmes.	Watson	Literatura	Medio	ES
X	Contiene la	Parte culminante de una narración u obra dramática en la que el conflicto alcanza su máxima tensión.	Clímax	Literatura	Medio	ES
X	Contiene la	Conjunto de palabras escritas que conforman el contenido y la estructura de un documento literario.	Texto	Literatura	Medio	ES
Y	Contiene la	Poema narrativo extenso, de tono grandilocuente, que relata acciones heroicas de la antigüedad, como la Ilíada.	Epopeya	Literatura	Medio	ES
Y	Contiene la	Conjunto de relatos o fábulas protagonizados por dioses y héroes que explican el origen del mundo de una cultura.	Mitología	Literatura	Medio	ES
Z	Empieza por	Composición poética de origen árabe y popular en la España medieval, que cuenta con un estribillo.	Zéjel	Literatura	Medio	ES
Z	Empieza por	Apellido del autor español de la exitosa novela contemporánea "La sombra del viento" (Carlos Ruiz ...).	Zafón	Literatura	Medio	ES
A	Empieza por	Figura retórica consistente en la repetición de una o varias palabras al principio de un verso o enunciado.	Anáfora	Literatura	Difícil	ES
A	Empieza por	Obra literaria o texto de los primeros siglos del cristianismo no aceptada como canónica por la Iglesia.	Apócrifo	Literatura	Difícil	ES
B	Empieza por	Estado de insatisfacción crónica y romántica, término derivado de una famosa novela de Flaubert.	Bovarismo	Literatura	Difícil	ES
B	Empieza por	Apellido del erudito escritor argentino, figura clave de la literatura universal, autor de "El Aleph".	Borges	Literatura	Difícil	ES
C	Empieza por	Estrofa de cuatro versos alejandrinos monorrimos, propia del mester de clerecía medieval (seguida de la palabra "vía").	Cuaderna	Literatura	Difícil	ES
C	Empieza por	Movimiento literario del Barroco español, representado por Quevedo, caracterizado por la agudeza y concisión de ideas.	Conceptismo	Literatura	Difícil	ES
D	Empieza por	Composición poética de la antigua Grecia, de tono entusiasta, dedicada en su origen al dios Dioniso.	Ditirambo	Literatura	Difícil	ES
D	Empieza por	Verso métrico de doce sílabas, muy utilizado en la poesía del Modernismo.	Dodecasílabo	Literatura	Difícil	ES
E	Empieza por	Composición poética muy breve que expresa un pensamiento festivo, satírico o punzante de forma aguda.	Epigrama	Literatura	Difícil	ES
E	Empieza por	Conjunto de versos que el autor añade de forma libre al final de un poema clásico, frecuentemente en un soneto.	Estrambote	Literatura	Difícil	ES
F	Empieza por	Apellido del ilustrado y ensayista español del siglo XVIII (Benito Jerónimo...), autor del "Teatro crítico universal".	Feijoo	Literatura	Difícil	ES
F	Empieza por	Discurso literario o político muy violento y acusatorio, término derivado de las oraciones de Demóstenes.	Filípica	Literatura	Difícil	ES
G	Empieza por	Breve composición literaria, creada por Ramón Gómez de la Serna, que une humor y metáfora en una sola frase.	Greguería	Literatura	Difícil	ES
G	Empieza por	Apellido del poeta y dramaturgo cordobés, máximo representante del culteranismo en el Barroco español.	Góngora	Literatura	Difícil	ES
H	Empieza por	Cada una de las dos mitades en las que una cesura divide un verso métrico largo.	Hemistiquio	Literatura	Difícil	ES
H	Empieza por	Palabra que ha sido registrada o empleada una única vez en todo un idioma o en la obra de un autor literario.	Hapax	Literatura	Difícil	ES
I	Empieza por	Principio o ley métrica que exige que todos los versos de un poema o estrofa tengan exactamente el mismo número de sílabas.	Isosilabismo	Literatura	Difícil	ES
I	Empieza por	Relación que un texto literario mantiene directa o indirectamente con otros textos contemporáneos o históricos.	Intertextualidad	Literatura	Difícil	ES
J	Empieza por	Breve estrofa lírica romance, escrita en caracteres árabes o hebreos, que cerraba las moaxajas andalusíes.	Jarcha	Literatura	Difícil	ES
J	Empieza por	Apellido del poeta español, galardonado con el Premio Nobel en 1956 y creador de la "poesía pura" (Juan Ramón...).	Jiménez	Literatura	Difícil	ES
K	Empieza por	Corriente filosófica importada de Alemania que influyó enormemente en la literatura española y la Institución Libre de Enseñanza.	Krausismo	Literatura	Difícil	ES
K	Empieza por	Apellido del escritor checo-francés, autor de la reflexiva novela "La insoportable levedad del ser".	Kundera	Literatura	Difícil	ES
L	Empieza por	Estrofa de cinco versos, combinación de heptasílabos y endecasílabos, introducida en España por Garcilaso de la Vega.	Lira	Literatura	Difícil	ES
L	Empieza por	Composición poética dividida en estrofas que terminan en un estribillo, habitualmente de tono satírico o burlesco.	Letrilla	Literatura	Difícil	ES
M	Empieza por	Oficio, escuela o arte de hacer poesía en la Edad Media, pudiendo ser de juglaría o de clerecía.	Mester	Literatura	Difícil	ES
M	Empieza por	Poema estrófico de la poesía culta árabe y hebrea en Al-Ándalus, que servía de introducción para una jarcha.	Moaxaja	Literatura	Difícil	ES
N	Empieza por	Corriente filosófica y literaria, muy presente en la obra de Dostoievski, que niega todo principio dogmático o religioso.	Nihilismo	Literatura	Difícil	ES
N	Empieza por	Apellido del virtuoso escritor de origen ruso, nacionalizado estadounidense, autor de la novela "Lolita".	Nabokov	Literatura	Difícil	ES
Ñ	Contiene la	Mujer a la que en la antigüedad clásica y medieval se pagaba por ir a llorar y lamentarse en los entierros.	Plañidera	Literatura	Difícil	ES
Ñ	Contiene la	Palabra que sigue a "La..." en el título de la famosa novela histórica de aventuras escrita por Arthur Conan Doyle.	Compañía	Literatura	Difícil	ES
O	Empieza por	Estrofa de ocho versos endecasílabos con rima consonante, característica de los poemas épicos del Renacimiento.	Octava	Literatura	Difícil	ES
O	Empieza por	Nombre del clásico poeta romano, desterrado por el emperador Augusto, famoso por su obra "Las Metamorfosis".	Ovidio	Literatura	Difícil	ES
P	Empieza por	Figura retórica que consiste en utilizar en una oración palabras innecesarias para su comprensión, con el fin de darle expresividad.	Pleonasmo	Literatura	Difícil	ES
P	Empieza por	Técnica narrativa en la que conviven múltiples voces o perspectivas independientes dentro de una misma novela.	Polifonía	Literatura	Difícil	ES
Q	Empieza por	Figura retórica de sintaxis que consiste en cruzar o invertir el orden de los elementos en dos grupos de palabras.	Quiasmo	Literatura	Difícil	ES
Q	Contiene la	Autor y rétor hispanorromano del siglo I, famoso por su influyente tratado de oratoria "Institutio Oratoria".	Quintiliano	Literatura	Difícil	ES
R	Empieza por	Estrofa compuesta por cuatro versos octosílabos con rima consonante abrazada (abba).	Redondilla	Literatura	Difícil	ES
R	Empieza por	Figura retórica que consiste en invertir los términos de una frase o cláusula en la siguiente para cambiar drásticamente su sentido.	Retruécano	Literatura	Difícil	ES
S	Empieza por	Estrofa de cuatro versos de arte mayor, habitualmente alejandrinos, con rima consonante alterna (ABAB).	Serventesio	Literatura	Difícil	ES
S	Empieza por	Figura retórica, variante de la metonimia, que consiste en designar la parte por el todo o el todo por la parte.	Sinécdoque	Literatura	Difícil	ES
T	Empieza por	Estrofa de tres versos de arte mayor, frecuentemente endecasílabos encadenados, magistralmente usada en "La Divina Comedia".	Terceto	Literatura	Difícil	ES
T	Empieza por	Nombre genérico que recibe cualquier figura retórica de significado en la que se usa una palabra en sentido figurado (metáfora, metonimia...).	Tropo	Literatura	Difícil	ES
U	Empieza por	Corriente literaria francesa de principios del siglo XX, impulsada por Jules Romains, enfocada en la conciencia de grupo o colectiva.	Unanimismo	Literatura	Difícil	ES
U	Contiene la	Figura retórica que consiste en rodear un término o expresarlo de manera suavizada o indirecta para evitar una palabra tabú.	Eufemismo	Literatura	Difícil	ES
V	Empieza por	Apellido del creador del "esperpento", estética literaria deformadora de la realidad española (Ramón María del...).	Valle-Inclán	Literatura	Difícil	ES
V	Empieza por	Subgénero teatral de comedia ligera, de origen francés, basado en la intriga, los enredos amorosos y el ritmo trepidante.	Vodevil	Literatura	Difícil	ES
W	Empieza por	Apellido de la brillante escritora británica pionera del monólogo interior y autora del ensayo "Una habitación propia".	Woolf	Literatura	Difícil	ES
W	Empieza por	Apellido del poeta romántico estadounidense, padre del verso libre moderno y autor de "Hojas de hierba".	Whitman	Literatura	Difícil	ES
X	Empieza por	Término que en lingüística literaria designa a una palabra extranjera asimilada en una obra manteniendo su grafía original.	Xenismo	Literatura	Difícil	ES
X	Contiene la	Verso compuesto métricamente por seis sílabas, frecuente en el romancero tradicional y la poesía popular.	Hexasílabo	Literatura	Difícil	ES
Y	Empieza por	Pie de la métrica clásica griega y latina compuesto por una sílaba breve y otra larga, base del verso clásico inglés.	Yambo	Literatura	Difícil	ES
Y	Contiene la	Breve poema medieval, de origen francés y forma libre, a menudo acompañado de música y de temática melancólica.	Lay	Literatura	Difícil	ES
Z	Empieza por	Figura retórica que consiste en utilizar una única palabra para suplir otras varias y sobreentendidas en oraciones consecutivas.	Zeugma	Literatura	Difícil	ES
Z	Empieza por	Apellido del célebre escritor y ensayista francés, máximo exponente del naturalismo literario y autor del manifiesto "J'accuse".	Zola	Literatura	Difícil	ES
A	Empieza por	Líquido transparente, inodoro e insípido, vital para la vida.	Agua	Ciencia	Fácil	ES
A	Empieza por	Persona entrenada para viajar al espacio en una nave.	Astronauta	Ciencia	Fácil	ES
A	Empieza por	Capa de gases que rodea a la Tierra y nos protege del Sol.	Atmósfera	Ciencia	Fácil	ES
B	Empieza por	Ciencia que estudia a los seres vivos.	Biología	Ciencia	Fácil	ES
B	Empieza por	Organismo microscópico unicelular que puede causar enfermedades o ser beneficioso.	Bacteria	Ciencia	Fácil	ES
B	Empieza por	Abertura por donde ingerimos los alimentos.	Boca	Ciencia	Fácil	ES
C	Empieza por	Órgano principal del sistema nervioso que tenemos dentro de la cabeza.	Cerebro	Ciencia	Fácil	ES
C	Empieza por	Unidad más pequeña de la que están formados todos los seres vivos.	Célula	Ciencia	Fácil	ES
C	Empieza por	Órgano que bombea la sangre a todo el cuerpo.	Corazón	Ciencia	Fácil	ES
D	Empieza por	Reptiles gigantes que vivieron hace millones de años y se extinguieron.	Dinosaurios	Ciencia	Fácil	ES
D	Empieza por	Proceso por el cual el cuerpo descompone los alimentos para obtener nutrientes.	Digestión	Ciencia	Fácil	ES
D	Empieza por	Parte de las manos y los pies que tienen uñas.	Dedos	Ciencia	Fácil	ES
E	Empieza por	Estructura de huesos que sostiene nuestro cuerpo.	Esqueleto	Ciencia	Fácil	ES
E	Empieza por	Astro con luz propia que brilla en el cielo nocturno, como el Sol.	Estrella	Ciencia	Fácil	ES
E	Empieza por	Capacidad que tienen los cuerpos para producir trabajo o cambios, como la eléctrica.	Energía	Ciencia	Fácil	ES
F	Empieza por	Resto de un ser vivo antiguo que se ha convertido en piedra.	Fósil	Ciencia	Fácil	ES
F	Empieza por	Aumento de la temperatura del cuerpo cuando estamos enfermos.	Fiebre	Ciencia	Fácil	ES
F	Empieza por	Parte de la planta que suele tener colores vivos y de la que nace el fruto.	Flor	Ciencia	Fácil	ES
G	Empieza por	Fuerza invisible que atrae los objetos hacia el suelo.	Gravedad	Ciencia	Fácil	ES
G	Empieza por	Estado de la materia que no tiene forma ni volumen fijo, como el aire.	Gas	Ciencia	Fácil	ES
G	Empieza por	Enfermedad común en invierno causada por un virus, que da tos y fiebre.	Gripe	Ciencia	Fácil	ES
H	Empieza por	Pieza dura y blanca que forma el esqueleto.	Hueso	Ciencia	Fácil	ES
H	Empieza por	Agua en estado sólido por efecto del frío.	Hielo	Ciencia	Fácil	ES
H	Empieza por	Órgano del cuerpo que limpia la sangre y produce bilis.	Hígado	Ciencia	Fácil	ES
I	Empieza por	Animal pequeño de seis patas, como la hormiga o la mosca.	Insecto	Ciencia	Fácil	ES
I	Empieza por	Objeto que atrae a los metales como el hierro.	Imán	Ciencia	Fácil	ES
I	Empieza por	Tubo largo del aparato digestivo donde se absorben los alimentos.	Intestino	Ciencia	Fácil	ES
J	Empieza por	Planeta más grande de nuestro Sistema Solar.	Júpiter	Ciencia	Fácil	ES
J	Empieza por	Terreno donde se cultivan plantas y flores ornamentales.	Jardín	Ciencia	Fácil	ES
J	Empieza por	Mamífero de cuello muy largo que vive en África.	Jirafa	Ciencia	Fácil	ES
K	Empieza por	Unidad de medida de peso que equivale a mil gramos.	Kilo	Ciencia	Fácil	ES
K	Empieza por	Animal australiano parecido a un osito que come eucalipto.	Koala	Ciencia	Fácil	ES
K	Empieza por	Fruta de piel peluda marrón e interior verde.	Kiwi	Ciencia	Fácil	ES
L	Empieza por	Satélite natural de la Tierra que vemos por la noche.	Luna	Ciencia	Fácil	ES
L	Empieza por	Lugar equipado con instrumentos para hacer experimentos científicos.	Laboratorio	Ciencia	Fácil	ES
L	Empieza por	Energía que nos permite ver las cosas y que viene del Sol o de bombillas.	Luz	Ciencia	Fácil	ES
M	Empieza por	Instrumento que sirve para ver cosas muy pequeñas, como las células.	Microscopio	Ciencia	Fácil	ES
M	Empieza por	Tejido del cuerpo que se contrae y relaja para producir movimiento.	Músculo	Ciencia	Fácil	ES
M	Empieza por	Profesional de la salud que nos cura cuando estamos enfermos.	Médico	Ciencia	Fácil	ES
N	Empieza por	Masa de vapor de agua que flota en el cielo y produce lluvia.	Nube	Ciencia	Fácil	ES
N	Empieza por	Todo lo que nos rodea y no ha sido creado por el hombre: plantas, animales, montañas...	Naturaleza	Ciencia	Fácil	ES
N	Empieza por	Parte del cuerpo que usamos para oler y respirar.	Nariz	Ciencia	Fácil	ES
Ñ	Contiene la	Insecto de ocho patas que teje redes para atrapar a sus presas.	Araña	Ciencia	Fácil	ES
Ñ	Contiene la	Órgano vital en forma de frijol que filtra la sangre y produce orina.	Riñón	Ciencia	Fácil	ES
Ñ	Contiene la	Estación del año en la que se caen las hojas de los árboles.	Otoño	Ciencia	Fácil	ES
O	Empieza por	Gas del aire que necesitamos respirar para vivir.	Oxígeno	Ciencia	Fácil	ES
O	Empieza por	Órgano del sentido de la vista.	Ojo	Ciencia	Fácil	ES
O	Empieza por	Gran masa de agua salada que cubre la mayor parte de la Tierra.	Océano	Ciencia	Fácil	ES
P	Empieza por	Cuerpo celeste que gira alrededor de una estrella, como la Tierra.	Planeta	Ciencia	Fácil	ES
P	Empieza por	Ser vivo que hace la fotosíntesis y no se puede desplazar.	Planta	Ciencia	Fácil	ES
P	Empieza por	Órgano que usamos para respirar aire.	Pulmón	Ciencia	Fácil	ES
Q	Empieza por	Ciencia que estudia de qué están hechas las cosas y cómo cambian.	Química	Ciencia	Fácil	ES
Q	Empieza por	Lesión en la piel causada por el fuego o el calor excesivo.	Quemadura	Ciencia	Fácil	ES
Q	Contiene la	Conjunto de huesos que sostiene el cuerpo.	Esqueleto	Ciencia	Fácil	ES
R	Empieza por	Parte de la planta que está bajo tierra y absorbe agua.	Raíz	Ciencia	Fácil	ES
R	Empieza por	Proceso de volver a usar materiales como papel o plástico para no tirar basura.	Reciclaje	Ciencia	Fácil	ES
R	Empieza por	Descarga eléctrica muy luminosa que cae durante una tormenta.	Rayo	Ciencia	Fácil	ES
S	Empieza por	Estrella que nos da luz y calor y es el centro de nuestro sistema.	Sol	Ciencia	Fácil	ES
S	Empieza por	Líquido rojo que circula por nuestras venas.	Sangre	Ciencia	Fácil	ES
S	Empieza por	Lo que oímos cuando algo vibra y llega a nuestros oídos.	Sonido	Ciencia	Fácil	ES
T	Empieza por	Planeta donde vivimos.	Tierra	Ciencia	Fácil	ES
T	Empieza por	Instrumento que sirve para medir la temperatura.	Termómetro	Ciencia	Fácil	ES
T	Empieza por	Fenómeno meteorológico con lluvia, viento, rayos y truenos.	Tormenta	Ciencia	Fácil	ES
U	Empieza por	Todo lo que existe: el espacio, las estrellas, los planetas y las galaxias.	Universo	Ciencia	Fácil	ES
U	Empieza por	Séptimo planeta del sistema solar.	Urano	Ciencia	Fácil	ES
U	Empieza por	Parte dura que protege la punta de los dedos.	Uña	Ciencia	Fácil	ES
V	Empieza por	Montaña que tiene un cráter por donde sale lava y humo.	Volcán	Ciencia	Fácil	ES
V	Empieza por	Microorganismo muy pequeño que causa enfermedades como la gripe.	Virus	Ciencia	Fácil	ES
V	Empieza por	Aire en movimiento.	Viento	Ciencia	Fácil	ES
W	Contiene la	Apellido del naturalista que propuso la teoría de la evolución (Charles...).	Darwin	Ciencia	Fácil	ES
W	Contiene la	Sistema de páginas e información en internet (World Wide...).	Web	Ciencia	Fácil	ES
W	Contiene la	Fruta pequeña de color marrón por fuera y verde por dentro (Repetida, válida por contener W en inglés o ser préstamo).	Kiwi	Ciencia	Fácil	ES
X	Contiene la	Gas vital que respiramos (Contiene la la x).	Oxígeno	Ciencia	Fácil	ES
X	Contiene la	Prueba científica para descubrir algo nuevo o comprobar una idea.	Experimento	Ciencia	Fácil	ES
X	Contiene la	Gran sistema de estrellas, gas y polvo; la nuestra es la Vía Láctea.	Galaxia	Ciencia	Fácil	ES
Y	Empieza por	Parte amarilla del huevo.	Yema	Ciencia	Fácil	ES
Y	Empieza por	Material blanco que se usa para curar huesos rotos (escayola).	Yeso	Ciencia	Fácil	ES
Y	Contiene la	Animal cánido parecido al lobo que vive en América (Contiene la la y).	Coyote	Ciencia	Fácil	ES
Z	Empieza por	Lugar donde se cuidan y exhiben animales de muchas especies.	Zoológico	Ciencia	Fácil	ES
Z	Empieza por	Animal mamífero conocido por su astucia y su cola peluda.	Zorro	Ciencia	Fácil	ES
Z	Empieza por	Ciencia que estudia a los animales.	Zoología	Ciencia	Fácil	ES
A	Empieza por	Partícula más pequeña de un elemento químico, formada por protones, neutrones y electrones.	Átomo	Ciencia	Medio	ES
A	Empieza por	Molécula que Contiene la la información genética de los seres vivos.	ADN	Ciencia	Medio	ES
A	Empieza por	Cuerpo rocoso y metálico más pequeño que un planeta que orbita alrededor del Sol.	Asteroide	Ciencia	Medio	ES
B	Empieza por	Instrumento que sirve para medir la presión atmosférica.	Barómetro	Ciencia	Medio	ES
B	Empieza por	Variedad de seres vivos que existen en el planeta o en una región concreta.	Biodiversidad	Ciencia	Medio	ES
B	Empieza por	Líquido producido por el hígado que ayuda a la digestión de las grasas.	Bilis	Ciencia	Medio	ES
C	Empieza por	Estructura en forma de filamento que se encuentra en el núcleo de las células y Contiene la el ADN.	Cromosoma	Ciencia	Medio	ES
C	Empieza por	Cuerpo celeste constituido por polvo y rocas que orbita el Sol dejando una cola luminosa.	Cometa	Ciencia	Medio	ES
C	Empieza por	Paso de una sustancia del estado gaseoso al estado líquido.	Condensación	Ciencia	Medio	ES
D	Empieza por	Cantidad de masa que hay en un determinado volumen de una sustancia.	Densidad	Ciencia	Medio	ES
D	Empieza por	Enfermedad crónica en la que el cuerpo no puede regular la cantidad de azúcar en la sangre.	Diabetes	Ciencia	Medio	ES
D	Empieza por	Animal que caza a otros animales para alimentarse.	Depredador	Ciencia	Medio	ES
E	Empieza por	Fenómeno astronómico en el que un cuerpo celeste bloquea la luz de otro.	Eclipse	Ciencia	Medio	ES
E	Empieza por	Comunidad formada por los seres vivos y el medio físico en el que se relacionan.	Ecosistema	Ciencia	Medio	ES
E	Empieza por	Flujo de carga eléctrica que recorre un material conductor.	Electricidad	Ciencia	Medio	ES
F	Empieza por	Proceso químico por el cual las plantas transforman la luz solar en energía.	Fotosíntesis	Ciencia	Medio	ES
F	Empieza por	Fuerza que se opone al movimiento de una superficie sobre otra.	Fricción	Ciencia	Medio	ES
F	Empieza por	Cambio de estado de sólido a líquido por la acción del calor.	Fusión	Ciencia	Medio	ES
G	Empieza por	Parte de la biología que estudia los genes y la herencia.	Genética	Ciencia	Medio	ES
G	Empieza por	Ciencia que estudia la composición, estructura y evolución de la Tierra.	Geología	Ciencia	Medio	ES
G	Empieza por	Célula de la sangre (roja o blanca) encargada de transportar oxígeno o defender al organismo.	Glóbulo	Ciencia	Medio	ES
H	Empieza por	Entorno natural en el que vive una especie animal o vegetal.	Hábitat	Ciencia	Medio	ES
H	Empieza por	Elemento químico más ligero y abundante del universo.	Hidrógeno	Ciencia	Medio	ES
H	Empieza por	Salida abundante de sangre por rotura de vasos sanguíneos.	Hemorragia	Ciencia	Medio	ES
I	Empieza por	Propiedad de los cuerpos de mantener su estado de reposo o movimiento si no actúa una fuerza sobre ellos.	Inercia	Ciencia	Medio	ES
I	Empieza por	Capacidad del organismo para resistir y defenderse de una infección o enfermedad.	Inmunidad	Ciencia	Medio	ES
I	Empieza por	Parte coloreada del ojo que controla la cantidad de luz que entra en la pupila.	Iris	Ciencia	Medio	ES
J	Empieza por	Unidad del Sistema Internacional utilizada para medir energía, trabajo y calor.	Julio	Ciencia	Medio	ES
J	Empieza por	Periodo geológico de la Era Mesozoica conocido por el dominio de los grandes dinosaurios.	Jurásico	Ciencia	Medio	ES
J	Empieza por	Macho del cerdo salvaje, mamífero de gran fortaleza y colmillos salientes.	Jabalí	Ciencia	Medio	ES
K	Empieza por	Unidad básica de temperatura en el Sistema Internacional.	Kelvin	Ciencia	Medio	ES
K	Empieza por	Unidad de potencia eléctrica que equivale a 1000 vatios.	Kilovatio	Ciencia	Medio	ES
K	Empieza por	Elemento químico, gas noble, cuyo símbolo es Kr.	Kriptón	Ciencia	Medio	ES
L	Empieza por	Dispositivo que emite un haz de luz muy intenso y concentrado.	Láser	Ciencia	Medio	ES
L	Empieza por	Forma juvenil de ciertos animales (como insectos o anfibios) antes de la metamorfosis.	Larva	Ciencia	Medio	ES
L	Empieza por	Órgano del conducto respiratorio donde se encuentran las cuerdas vocales.	Laringe	Ciencia	Medio	ES
M	Empieza por	Conjunto de átomos unidos por enlaces químicos; es la parte más pequeña de una sustancia pura.	Molécula	Ciencia	Medio	ES
M	Empieza por	Conjunto de reacciones químicas que ocurren en las células para obtener energía.	Metabolismo	Ciencia	Medio	ES
M	Empieza por	Roca fundida que se encuentra bajo la corteza terrestre a muy alta temperatura.	Magma	Ciencia	Medio	ES
N	Empieza por	Partícula subatómica sin carga eléctrica que se encuentra en el núcleo del átomo.	Neutrón	Ciencia	Medio	ES
N	Empieza por	Célula principal del sistema nervioso encargada de transmitir impulsos.	Neurona	Ciencia	Medio	ES
N	Empieza por	Gas que constituye la mayor parte del aire que respiramos (aprox. 78%).	Nitrógeno	Ciencia	Medio	ES
Ñ	Contiene la	Dolor de cabeza muy intenso y recurrente, a menudo en un solo lado.	Migraña	Ciencia	Medio	ES
Ñ	Contiene la	Uña grande y dura que tienen en las patas animales como el caballo o la cabra.	Pezuña	Ciencia	Medio	ES
Ñ	Contiene la	Tubo por el que se introduce comida o medicamentos en el cuerpo o se extrae sangre.	Cánula	Ciencia	Medio	ES
O	Empieza por	Trayectoria curva que describe un cuerpo celeste alrededor de otro.	Órbita	Ciencia	Medio	ES
O	Empieza por	Gas presente en la atmósfera (O3) que nos protege de la radiación ultravioleta.	Ozono	Ciencia	Medio	ES
O	Empieza por	Animal que se alimenta tanto de plantas como de otros animales.	Omnívoro	Ciencia	Medio	ES
P	Empieza por	Nutriente esencial para el crecimiento y reparación de los tejidos, formado por aminoácidos.	Proteína	Ciencia	Medio	ES
P	Empieza por	Organismo que vive a costa de otro de distinta especie, perjudicándolo.	Parásito	Ciencia	Medio	ES
P	Empieza por	Partícula subatómica con carga eléctrica positiva que está en el núcleo.	Protón	Ciencia	Medio	ES
Q	Empieza por	Proteína rica en azufre que forma la capa externa de la piel, el pelo y las uñas.	Queratina	Ciencia	Medio	ES
Q	Empieza por	Sala de un hospital equipada para realizar operaciones quirúrgicas.	Quirófano	Ciencia	Medio	ES
Q	Empieza por	Masa sólida que se obtiene al madurar la cuajada de la leche.	Queso	Ciencia	Medio	ES
R	Empieza por	Emisión y propagación de energía en forma de ondas o partículas.	Radiación	Ciencia	Medio	ES
R	Empieza por	Reacción involuntaria y rápida del cuerpo ante un estímulo.	Reflejo	Ciencia	Medio	ES
R	Empieza por	Tejido sensible a la luz situado en la parte posterior del ojo.	Retina	Ciencia	Medio	ES
S	Empieza por	Objeto natural o artificial que orbita alrededor de un planeta.	Satélite	Ciencia	Medio	ES
S	Empieza por	Movimiento brusco de la corteza terrestre; terremoto.	Sismo	Ciencia	Medio	ES
S	Empieza por	Elemento químico (Na) muy abundante en la sal marina.	Sodio	Ciencia	Medio	ES
T	Empieza por	Instrumento óptico que permite ver objetos lejanos con mucho detalle.	Telescopio	Ciencia	Medio	ES
T	Empieza por	Conjunto de células similares que realizan una función específica.	Tejido	Ciencia	Medio	ES
T	Empieza por	Parte de la geología que estudia las placas que forman la corteza terrestre.	Tectónica	Ciencia	Medio	ES
U	Empieza por	Elemento químico radiactivo que se utiliza como combustible nuclear.	Uranio	Ciencia	Medio	ES
U	Empieza por	Límite mínimo de estímulo (como dolor o sonido) que una persona puede percibir.	Umbral	Ciencia	Medio	ES
U	Empieza por	Órgano muscular hueco de las hembras de los mamíferos donde se desarrolla el feto.	Útero	Ciencia	Medio	ES
V	Empieza por	Magnitud física que expresa el espacio recorrido por un objeto en una unidad de tiempo.	Velocidad	Ciencia	Medio	ES
V	Empieza por	Preparado biológico que proporciona inmunidad adquirida ante una enfermedad.	Vacuna	Ciencia	Medio	ES
V	Empieza por	Vaso sanguíneo que lleva la sangre desde los tejidos hacia el corazón.	Vena	Ciencia	Medio	ES
W	Contiene la	Unidad de potencia del Sistema Internacional (Vatio en inglés).	Watt	Ciencia	Medio	ES
W	Contiene la	Científico inglés que formuló la ley de la gravitación universal (Isaac...).	Newton	Ciencia	Medio	ES
W	Contiene la	Conjunto de programas y rutinas que permiten a la computadora realizar tareas.	Software	Ciencia	Medio	ES
X	Empieza por	Elemento químico, gas noble, incoloro y muy pesado, usado en lámparas y flashes.	Xenón	Ciencia	Medio	ES
X	Contiene la	Suspensión de la respiración por falta de oxígeno.	Asfixia	Ciencia	Medio	ES
X	Contiene la	Parte del tronco humano situada entre el cuello y el abdomen.	Tórax	Ciencia	Medio	ES
Y	Empieza por	Elemento químico halógeno de color violeta oscuro, usado como desinfectante.	Yodo	Ciencia	Medio	ES
Y	Empieza por	Mineral de sulfato de calcio que se usa en construcción y escultura.	Yeso	Ciencia	Medio	ES
Y	Empieza por	Vena grande del cuello que recoge la sangre de la cabeza.	Yugular	Ciencia	Medio	ES
Z	Empieza por	Elemento químico metálico (Zn) usado para proteger el acero de la corrosión.	Zinc	Ciencia	Medio	ES
Z	Empieza por	Abeja macho cuya función principal es fecundar a la reina.	Zángano	Ciencia	Medio	ES
Z	Empieza por	Región climática definida por unas determinadas temperaturas y precipitaciones.	Zona	Ciencia	Medio	ES
A	Empieza por	Muerte celular programada que ocurre de manera natural y controlada en el desarrollo de un organismo.	Apoptosis	Ciencia	Difícil	ES
A	Empieza por	Partícula hipotética de materia oscura o, en física real, ion con carga eléctrica negativa.	Anión	Ciencia	Difícil	ES
A	Empieza por	Porcentaje de radiación que cualquier superficie refleja respecto a la radiación que incide sobre ella.	Albedo	Ciencia	Difícil	ES
B	Empieza por	Partícula elemental mediadora de la interacción nuclear, como el de Higgs.	Bosón	Ciencia	Difícil	ES
B	Empieza por	Organismos que habitan en el fondo de los ecosistemas acuáticos, a diferencia del plancton.	Bentos	Ciencia	Difícil	ES
B	Empieza por	Escala utilizada para medir la dureza de los materiales a través de la penetración de una bola de acero.	Brinell	Ciencia	Difícil	ES
C	Empieza por	Sustancia que aumenta la velocidad de una reacción química sin consumirse en el proceso.	Catalizador	Ciencia	Difícil	ES
C	Empieza por	Técnica de laboratorio utilizada para separar los componentes de una mezcla.	Cromatografía	Ciencia	Difícil	ES
C	Empieza por	Fluido gelatinoso que llena el interior de una célula, excluyendo el núcleo.	Citoplasma	Ciencia	Difícil	ES
D	Empieza por	Prolongación ramificada de una neurona dedicada a la recepción de impulsos nerviosos.	Dendrita	Ciencia	Difícil	ES
D	Empieza por	Fenómeno característico de las ondas que se basa en la desviación de estas al encontrar un obstáculo.	Difracción	Ciencia	Difícil	ES
D	Empieza por	Procedimiento médico que filtra artificialmente la sangre cuando los riñones no funcionan.	Diálisis	Ciencia	Difícil	ES
E	Empieza por	Magnitud termodinámica que mide el grado de desorden molecular de un sistema.	Entropía	Ciencia	Difícil	ES
E	Empieza por	Proteína compleja que actúa como catalizador biológico acelerando reacciones vitales.	Enzima	Ciencia	Difícil	ES
E	Empieza por	Parte de la química que estudia las relaciones cuantitativas entre los reactivos y productos.	Estequiometría	Ciencia	Difícil	ES
F	Empieza por	Partícula elemental portadora de todas las formas de radiación electromagnética, incluida la luz.	Fotón	Ciencia	Difícil	ES
F	Empieza por	Reacción nuclear en la que un núcleo pesado se divide en otros más ligeros liberando energía.	Fisión	Ciencia	Difícil	ES
F	Empieza por	Conjunto de caracteres visibles que un individuo presenta como resultado de la interacción entre su genotipo y el medio.	Fenotipo	Ciencia	Difícil	ES
G	Empieza por	Conjunto completo de ADN de un organismo, incluyendo todos sus genes.	Genoma	Ciencia	Difícil	ES
G	Empieza por	Célula reproductora masculina o femenina (espermatozoide u óvulo) con carga cromosómica haploide.	Gameto	Ciencia	Difícil	ES
G	Empieza por	Vía metabólica encargada de oxidar la glucosa para obtener energía para la célula.	Glucólisis	Ciencia	Difícil	ES
H	Empieza por	Capacidad de los organismos vivos para mantener una condición interna estable y constante.	Homeostasis	Ciencia	Difícil	ES
H	Empieza por	Reacción química en la que una molécula de agua rompe uno o más enlaces químicos.	Hidrólisis	Ciencia	Difícil	ES
H	Empieza por	Región del cerebro que controla la temperatura corporal, el hambre y la sed.	Hipotálamo	Ciencia	Difícil	ES
I	Empieza por	Átomo de un mismo elemento químico que tiene diferente número de neutrones en su núcleo.	Isótopo	Ciencia	Difícil	ES
I	Empieza por	Capa de la atmósfera terrestre que Contiene la una elevada concentración de iones y refleja ondas de radio.	Ionosfera	Ciencia	Difícil	ES
I	Empieza por	Compuestos químicos que tienen la misma fórmula molecular pero diferente estructura.	Isómeros	Ciencia	Difícil	ES
J	Empieza por	Planeta gaseoso gigante similar a Júpiter, término usado en exoplanetología.	Joviano	Ciencia	Difícil	ES
J	Empieza por	Apellido del físico inglés (James Prescott...) cuyo nombre lleva la unidad de energía del Sistema Internacional.	Joule	Ciencia	Difícil	ES
J	Empieza por	Periodo geológico de la era Mesozoica que sigue al Triásico y precede al Cretácico.	Jurásico	Ciencia	Difícil	ES
K	Empieza por	Ciclo metabólico fundamental (o del ácido cítrico) que forma parte de la respiración celular.	Krebs	Ciencia	Difícil	ES
K	Empieza por	Apellido del astrónomo que formuló las tres leyes sobre el movimiento de los planetas alrededor del Sol.	Kepler	Ciencia	Difícil	ES
K	Empieza por	Proteína fibrosa rica en azufre que constituye el componente principal del cabello y las uñas.	Queratina	Ciencia	Difícil	ES
L	Empieza por	Capa externa y rígida de la Tierra, formada por la corteza y la parte superior del manto.	Litosfera	Ciencia	Difícil	ES
L	Empieza por	Biomolécula orgánica insoluble en agua (grasas, ceras, esteroles) que almacena energía.	Lípido	Ciencia	Difícil	ES
L	Empieza por	Ruptura de la membrana celular que produce la salida del material intracelular.	Lisis	Ciencia	Difícil	ES
M	Empieza por	Orgánulo celular encargado de suministrar la mayor parte de la energía necesaria para la actividad celular.	Mitocondria	Ciencia	Difícil	ES
M	Empieza por	Proceso de división celular en el que se obtienen dos células hijas genéticamente idénticas.	Mitosis	Ciencia	Difícil	ES
M	Empieza por	Unidad de concentración química que expresa el número de moles de soluto por litro de disolución.	Molaridad	Ciencia	Difícil	ES
N	Empieza por	Nube gigante de polvo y gas en el espacio, lugar donde nacen las estrellas.	Nebulosa	Ciencia	Difícil	ES
N	Empieza por	Partícula subatómica elemental con masa muy pequeña y sin carga eléctrica, muy difícil de detectar.	Neutrino	Ciencia	Difícil	ES
N	Empieza por	Unidad estructural y funcional básica del riñón, responsable de la purificación de la sangre.	Nefrona	Ciencia	Difícil	ES
Ñ	Contiene la	Animal que se alimenta de cadáveres de otros animales sin haber participado en su caza.	Carroñero	Ciencia	Difícil	ES
Ñ	Contiene la	Antílope africano de gran tamaño que realiza grandes migraciones anuales.	Ñu	Ciencia	Difícil	ES
Ñ	Contiene la	Sustancia nociva para la salud, veneno.	Ponzoña	Ciencia	Difícil	ES
O	Empieza por	Difusión pasiva de agua a través de una membrana semipermeable desde una zona de menor a mayor concentración.	Ósmosis	Ciencia	Difícil	ES
O	Empieza por	Proceso geológico mediante el cual se forman las montañas y cordilleras.	Orogenia	Ciencia	Difícil	ES
O	Empieza por	Reacción química en la que un elemento cede electrones.	Oxidación	Ciencia	Difícil	ES
P	Empieza por	Membrana fibrosa doble que envuelve el corazón y los grandes vasos sanguíneos.	Pericardio	Ciencia	Difícil	ES
P	Empieza por	Macromolécula formada por la unión de muchas unidades pequeñas idénticas llamadas monómeros.	Polímero	Ciencia	Difícil	ES
P	Empieza por	Estrella de neutrones que emite radiación periódica y gira a gran velocidad.	Púlsar	Ciencia	Difícil	ES
Q	Empieza por	Partícula elemental que constituye la materia, combinándose para formar protones y neutrones.	Quark	Ciencia	Difícil	ES
Q	Empieza por	Piezas bucales en forma de pinza o colmillo que poseen los arácnidos.	Quelíceros	Ciencia	Difícil	ES
Q	Empieza por	Fuente de radio astronómica cuasi-estelar, que es el núcleo activo de una galaxia lejana.	Cuásar	Ciencia	Difícil	ES
R	Empieza por	Orgánulo celular donde se sintetizan las proteínas.	Ribosoma	Ciencia	Difícil	ES
R	Empieza por	Cambio de dirección que experimenta una onda al pasar de un medio material a otro.	Refracción	Ciencia	Difícil	ES
R	Empieza por	Fenómeno físico que ocurre cuando la frecuencia de una fuerza aplicada coincide con la frecuencia natural de un sistema.	Resonancia	Ciencia	Difícil	ES
S	Empieza por	Espacio de comunicación entre dos neuronas para la transmisión del impulso nervioso.	Sinapsis	Ciencia	Difícil	ES
S	Empieza por	Cambio de estado de sólido a gas directamente, sin pasar por líquido.	Sublimación	Ciencia	Difícil	ES
S	Empieza por	Asociación íntima de organismos de especies diferentes para beneficiarse mutuamente.	Simbiosis	Ciencia	Difícil	ES
T	Empieza por	Rama de la física que describe los estados de equilibrio a nivel macroscópico y el calor.	Termodinámica	Ciencia	Difícil	ES
T	Empieza por	Ciencia que se encarga de la clasificación biológica de los seres vivos.	Taxonomía	Ciencia	Difícil	ES
T	Empieza por	Capa más baja de la atmósfera donde ocurren los fenómenos meteorológicos.	Troposfera	Ciencia	Difícil	ES
U	Empieza por	Base nitrogenada que se encuentra en el ARN pero no en el ADN (sustituye a la timina).	Uracilo	Ciencia	Difícil	ES
U	Empieza por	Conducto por el que desciende la orina desde el riñón a la vejiga.	Uréter	Ciencia	Difícil	ES
U	Empieza por	Onda acústica cuya frecuencia está por encima del espectro audible del oído humano.	Ultrasonido	Ciencia	Difícil	ES
V	Empieza por	Número de electrones que un átomo necesita ganar, perder o compartir para estabilizarse.	Valencia	Ciencia	Difícil	ES
V	Empieza por	Agente biológico (como un mosquito) que transmite un patógeno de un huésped a otro.	Vector	Ciencia	Difícil	ES
V	Empieza por	Resistencia que opone un fluido a su deformación o a fluir (su "espesor").	Viscosidad	Ciencia	Difícil	ES
W	Empieza por	Elemento químico de símbolo W, metal muy duro y con el punto de fusión más alto (Tungsteno).	Wolframio	Ciencia	Difícil	ES
W	Empieza por	Apellido del geólogo alemán (Alfred...) que desarrolló la teoría de la deriva continental.	Wegener	Ciencia	Difícil	ES
W	Contiene la	Aplicación informática que permite visualizar documentos de la web (Navegador en inglés).	Browser	Ciencia	Difícil	ES
X	Empieza por	Tejido vegetal que transporta agua y sales minerales desde la raíz al resto de la planta.	Xilema	Ciencia	Difícil	ES
X	Empieza por	Planta adaptada para vivir en ambientes secos con poca agua, como el cactus.	Xerófila	Ciencia	Difícil	ES
X	Contiene la	Prolongación única y larga de las neuronas que conduce el impulso nervioso hacia otras células.	Axón	Ciencia	Difícil	ES
Y	Empieza por	Segunda parte del intestino delgado, situada entre el duodeno y el íleon.	Yeyuno	Ciencia	Difícil	ES
Y	Empieza por	Lugar geológico donde se encuentra una concentración natural de minerales o fósiles.	Yacimiento	Ciencia	Difícil	ES
Y	Empieza por	Elemento químico de número atómico 39, metal de transición plateado.	Itrio	Ciencia	Difícil	ES
Z	Empieza por	Célula resultante de la unión del gameto masculino y femenino; el óvulo fecundado.	Zigoto	Ciencia	Difícil	ES
Z	Empieza por	Conjunto de organismos animales microscópicos que flotan en el agua (a diferencia del fitoplancton).	Zooplancton	Ciencia	Difícil	ES
Z	Empieza por	Punto de la esfera celeste situado verticalmente justo encima del observador (opuesto al Nadir).	Cenit	Ciencia	Difícil	ES
						
A	Starts with	The continent where the United States and Canada are located.	America	General	Fácil	EN
A	Starts with	A red or green fruit that keeps the doctor away.	Apple	General	Fácil	EN
A	Starts with	The month that comes after March.	April	General	Fácil	EN
B	Starts with	The famous clock tower located in London.	Big Ben	General	Fácil	EN
B	Starts with	The color of the sky on a sunny day.	Blue	General	Fácil	EN
B	Starts with	The flying mammal associated with Batman.	Bat	General	Fácil	EN
C	Starts with	The country located directly north of the United States.	Canada	General	Fácil	EN
C	Starts with	A common household pet that likes to chase mice.	Cat	General	Fácil	EN
C	Starts with	A popular hot drink made from roasted beans, often drank in the morning.	Coffee	General	Fácil	EN
D	Starts with	A common pet known as "man's best friend".	Dog	General	Fácil	EN
D	Starts with	The twelfth and last month of the year.	December	General	Fácil	EN
D	Starts with	The first name of the famous Disney duck.	Donald	General	Fácil	EN
E	Starts with	The planet we live on.	Earth	General	Fácil	EN
E	Starts with	The largest land animal, known for its long trunk.	Elephant	General	Fácil	EN
E	Starts with	The European country whose capital is London.	England	General	Fácil	EN
F	Starts with	The day of the week that comes before Saturday.	Friday	General	Fácil	EN
F	Starts with	Something hot that burns and gives off light and heat.	Fire	General	Fácil	EN
F	Starts with	The most popular sport in the world, played with a round ball.	Football	General	Fácil	EN
G	Starts with	The color of grass and leaves.	Green	General	Fácil	EN
G	Starts with	A European country famous for sausages and its capital Berlin.	Germany	General	Fácil	EN
G	Starts with	A musical instrument with six strings often used in rock bands.	Guitar	General	Fácil	EN
H	Starts with	A holiday celebrated on October 31st with costumes and candy.	Halloween	General	Fácil	EN
H	Starts with	The organ in your chest that pumps blood.	Heart	General	Fácil	EN
H	Starts with	A building where people live with their families.	House	General	Fácil	EN
I	Starts with	The European country known as the Emerald Isle, associated with St. Patrick.	Ireland	General	Fácil	EN
I	Starts with	A piece of land completely surrounded by water.	Island	General	Fácil	EN
I	Starts with	Frozen water.	Ice	General	Fácil	EN
J	Starts with	The first month of the year.	January	General	Fácil	EN
J	Starts with	An Asian country known for sushi and its capital Tokyo.	Japan	General	Fácil	EN
J	Starts with	Popular casual pants made of denim.	Jeans	General	Fácil	EN
K	Starts with	A male ruler of a country, like Charles III.	King	General	Fácil	EN
K	Starts with	A jumping Australian animal that carries its baby in a pouch.	Kangaroo	General	Fácil	EN
K	Starts with	The room in a house where you cook food.	Kitchen	General	Fácil	EN
L	Starts with	The capital city of the United Kingdom.	London	General	Fácil	EN
L	Starts with	A large wild cat known as the "king of the jungle".	Lion	General	Fácil	EN
L	Starts with	A strong feeling of affection, symbolized by a heart.	Love	General	Fácil	EN
M	Starts with	The natural satellite that shines in the night sky.	Moon	General	Fácil	EN
M	Starts with	The first day of the working week.	Monday	General	Fácil	EN
M	Starts with	A white liquid produced by cows that you drink or put in cereal.	Milk	General	Fácil	EN
N	Starts with	A famous American city known for the Statue of Liberty.	New York	General	Fácil	EN
N	Starts with	The time of day when it is dark and people go to sleep.	Night	General	Fácil	EN
N	Starts with	The number that comes after eight.	Nine	General	Fácil	EN
O	Starts with	A round citrus fruit that shares its name with a color.	Orange	General	Fácil	EN
O	Starts with	A very large body of salt water, like the Atlantic or Pacific.	Ocean	General	Fácil	EN
O	Starts with	The month when Halloween is celebrated.	October	General	Fácil	EN
P	Starts with	The color of a pig or a flamingo.	Pink	General	Fácil	EN
P	Starts with	A pink farm animal that gives us bacon.	Pig	General	Fácil	EN
P	Starts with	A flying vehicle with wings used for travel.	Plane	General	Fácil	EN
Q	Starts with	A female ruler of a country, like Elizabeth II.	Queen	General	Fácil	EN
Q	Starts with	An adjective meaning fast or moving with speed.	Quick	General	Fácil	EN
Q	Starts with	A sentence worded to get information, ending with a specific mark.	Question	General	Fácil	EN
R	Starts with	The color of blood, tomatoes, and strawberries.	Red	General	Fácil	EN
R	Starts with	A large natural stream of water flowing to the sea.	River	General	Fácil	EN
R	Starts with	A small animal with long ears that eats carrots.	Rabbit	General	Fácil	EN
S	Starts with	The bright star in the sky that gives us light and heat during the day.	Sun	General	Fácil	EN
S	Starts with	The first day of the weekend.	Saturday	General	Fácil	EN
S	Starts with	The hottest season of the year.	Summer	General	Fácil	EN
T	Starts with	What you measure with a clock or watch.	Time	General	Fácil	EN
T	Starts with	The day of the week between Monday and Wednesday.	Tuesday	General	Fácil	EN
T	Starts with	A popular hot drink in England made from leaves.	Tea	General	Fácil	EN
U	Starts with	An object you open to protect yourself from the rain.	Umbrella	General	Fácil	EN
U	Starts with	The brother of your father or mother.	Uncle	General	Fácil	EN
U	Starts with	The acronym for the United States of America.	USA	General	Fácil	EN
V	Starts with	A road vehicle used for transporting goods or groups of people, larger than a car.	Van	General	Fácil	EN
V	Starts with	Plants or parts of plants used as food, like carrots and broccoli.	Vegetables	General	Fácil	EN
V	Starts with	A musical instrument with strings played with a bow.	Violin	General	Fácil	EN
W	Starts with	The clear liquid you drink to stay hydrated.	Water	General	Fácil	EN
W	Starts with	The color of snow and milk.	White	General	Fácil	EN
W	Starts with	The coldest season of the year.	Winter	General	Fácil	EN
X	Contains	A car with a driver that you pay to take you somewhere.	Taxi	General	Fácil	EN
X	Contains	A wild animal similar to a dog with a bushy tail and reddish fur.	Fox	General	Fácil	EN
X	Contains	A square or rectangular container made of cardboard.	Box	General	Fácil	EN
Y	Starts with	The color of lemons and the sun.	Yellow	General	Fácil	EN
Y	Starts with	The opposite of "no".	Yes	General	Fácil	EN
Y	Starts with	A period of 365 days.	Year	General	Fácil	EN
Z	Starts with	An African animal that looks like a horse with black and white stripes.	Zebra	General	Fácil	EN
Z	Starts with	A place where you can go to see wild animals.	Zoo	General	Fácil	EN
Z	Starts with	The number that means nothing.	Zero	General	Fácil	EN
A	Starts with	The capital city of Greece, famous for the Acropolis.	Athens	General	Medio	EN
A	Starts with	The American astronaut who was the first person to walk on the Moon.	Armstrong	General	Medio	EN
A	Starts with	The ocean located between North America and Europe.	Atlantic	General	Medio	EN
B	Starts with	The legendary British rock band formed in Liverpool in the 1960s.	Beatles	General	Medio	EN
B	Starts with	The capital city of Germany, known for a wall that fell in 1989.	Berlin	General	Medio	EN
B	Starts with	A popular American sport played with a bat, a ball, and bases.	Baseball	General	Medio	EN
C	Starts with	The ancient Roman amphitheater where gladiators used to fight.	Colosseum	General	Medio	EN
C	Starts with	The British Prime Minister who led the country during World War II.	Churchill	General	Medio	EN
C	Starts with	A major US city located in Illinois, often called the "Windy City".	Chicago	General	Medio	EN
D	Starts with	The capital city of Ireland.	Dublin	General	Medio	EN
D	Starts with	The English naturalist who published the theory of evolution.	Darwin	General	Medio	EN
D	Starts with	The large arid region in Northern Africa known as the Sahara.	Desert	General	Medio	EN
E	Starts with	The highest mountain in the world, located in the Himalayas.	Everest	General	Medio	EN
E	Starts with	The official currency used by most countries in the European Union.	Euro	General	Medio	EN
E	Starts with	The famous iron tower located in the center of Paris.	Eiffel	General	Medio	EN
F	Starts with	The monster created from body parts by a scientist in a famous novel.	Frankenstein	General	Medio	EN
F	Starts with	The US state known as the "Sunshine State", home to Miami.	Florida	General	Medio	EN
F	Starts with	The month when Valentine's Day is celebrated.	February	General	Medio	EN
G	Starts with	The massive canyon carved by the Colorado River in Arizona.	Grand Canyon	General	Medio	EN
G	Starts with	The co-founder of Microsoft and famous billionaire philanthropist (Last name).	Gates	General	Medio	EN
G	Starts with	The largest island in the world, located between the Arctic and Atlantic oceans.	Greenland	General	Medio	EN
H	Starts with	The famous fictional boy wizard created by J.K. Rowling.	Harry Potter	General	Medio	EN
H	Starts with	The district in Los Angeles considered the center of the American film industry.	Hollywood	General	Medio	EN
H	Starts with	The US state made entirely of islands in the Pacific Ocean.	Hawaii	General	Medio	EN
I	Starts with	The Asian country where the Taj Mahal is located.	India	General	Medio	EN
I	Starts with	The ancient South American civilization centered in modern-day Peru.	Inca	General	Medio	EN
I	Starts with	The European country shaped like a boot.	Italy	General	Medio	EN
J	Starts with	A popular music genre originating in New Orleans, known for its improvisation.	Jazz	General	Medio	EN
J	Starts with	The Caribbean island country famous for reggae music and Bob Marley.	Jamaica	General	Medio	EN
J	Starts with	The month when the United States celebrates its Independence Day.	July	General	Medio	EN
K	Starts with	The US President who was assassinated in Dallas in 1963 (Last name).	Kennedy	General	Medio	EN
K	Starts with	A traditional knee-length skirt worn by men in Scotland.	Kilt	General	Medio	EN
K	Starts with	The capital and largest city of Jamaica.	Kingston	General	Medio	EN
L	Starts with	The famous museum in Paris where the Mona Lisa is displayed.	Louvre	General	Medio	EN
L	Starts with	The city in Nevada famous worldwide for its casinos and nightlife.	Las Vegas	General	Medio	EN
L	Starts with	The official language spoken in the ancient Roman Empire.	Latin	General	Medio	EN
M	Starts with	The sea located south of Europe and north of Africa.	Mediterranean	General	Medio	EN
M	Starts with	The capital city of Russia.	Moscow	General	Medio	EN
M	Starts with	The famous tragedy by William Shakespeare about a Scottish general.	Macbeth	General	Medio	EN
N	Starts with	The longest river in Africa, which flows through Egypt.	Nile	General	Medio	EN
N	Starts with	The European country known for its fjords, whose capital is Oslo.	Norway	General	Medio	EN
N	Starts with	The first name of the first man to walk on the Moon.	Neil	General	Medio	EN
O	Starts with	The oldest university in the English-speaking world, located in the UK.	Oxford	General	Medio	EN
O	Starts with	The popular name for the Academy Awards given in the film industry.	Oscars	General	Medio	EN
O	Starts with	The capital city of Canada.	Ottawa	General	Medio	EN
P	Starts with	The largest ocean on Earth, located between America and Asia.	Pacific	General	Medio	EN
P	Starts with	The ancient Egyptian monuments built as tombs for pharaohs.	Pyramids	General	Medio	EN
P	Starts with	The capital city of France.	Paris	General	Medio	EN
Q	Contains	The Canadian province where French is the official language.	Quebec	General	Medio	EN
Q	Starts with	The Middle Eastern country that hosted the 2022 FIFA World Cup.	Qatar	General	Medio	EN
Q	Contains	A sudden and violent shaking of the ground.	Earthquake	General	Medio	EN
R	Starts with	The capital city of Italy.	Rome	General	Medio	EN
R	Starts with	The famous British rock band led by Mick Jagger.	Rolling Stones	General	Medio	EN
R	Starts with	The largest country in the world by land area.	Russia	General	Medio	EN
S	Starts with	The English playwright who wrote "Romeo and Juliet" and "Hamlet".	Shakespeare	General	Medio	EN
S	Starts with	The Australian city famous for its unique Opera House.	Sydney	General	Medio	EN
S	Starts with	The capital city of South Korea.	Seoul	General	Medio	EN
T	Starts with	The famous passenger ship that sank in the Atlantic in 1912.	Titanic	General	Medio	EN
T	Starts with	The capital city of Japan.	Tokyo	General	Medio	EN
T	Starts with	The major river that flows through central London.	Thames	General	Medio	EN
U	Starts with	The international organization founded after WWII to maintain peace.	United Nations	General	Medio	EN
U	Starts with	The country made up of England, Scotland, Wales, and Northern Ireland.	United Kingdom	General	Medio	EN
U	Starts with	The planet in our solar system named after the Greek god of the sky.	Uranus	General	Medio	EN
V	Starts with	The smallest independent state in the world, the headquarters of the Pope.	Vatican	General	Medio	EN
V	Starts with	The Italian city famous for its canals and gondolas.	Venice	General	Medio	EN
V	Starts with	The Roman goddess of love, and the second planet from the Sun.	Venus	General	Medio	EN
W	Starts with	The capital city of the United States.	Washington	General	Medio	EN
W	Starts with	The first name of the British Prime Minister Churchill.	Winston	General	Medio	EN
W	Starts with	The surname of the first President of the United States.	Washington	General	Medio	EN
X	Contains	A North American country located directly south of the USA.	Mexico	General	Medio	EN
X	Contains	The large US state known as the "Lone Star State".	Texas	General	Medio	EN
X	Contains	An imaginary creature from mythology that rises from its own ashes.	Phoenix	General	Medio	EN
Y	Starts with	The first national park established in the United States.	Yellowstone	General	Medio	EN
Y	Starts with	The official currency of Japan.	Yen	General	Medio	EN
Y	Contains	A major Australian city that hosted the 2000 Summer Olympics.	Sydney	General	Medio	EN
Z	Starts with	The king of the ancient Greek gods.	Zeus	General	Medio	EN
Z	Starts with	A landlocked country in southern Africa whose capital is Harare.	Zimbabwe	General	Medio	EN
Z	Starts with	The belt of the heavens divided into twelve astrological signs.	Zodiac	General	Medio	EN
A	Starts with	The 19th-century English author of the classic novel "Pride and Prejudice".	Austen	General	Difícil	EN
A	Starts with	The ancient Greek philosopher who tutored Alexander the Great.	Aristotle	General	Difícil	EN
A	Starts with	The infamous island prison located in San Francisco Bay.	Alcatraz	General	Difícil	EN
B	Starts with	The Celtic queen who led an uprising against the conquering forces of the Roman Empire in Britain.	Boudicca	General	Difícil	EN
B	Starts with	The surname of the three English sisters who wrote classic novels like "Jane Eyre" and "Wuthering Heights".	Brontë	General	Difícil	EN
B	Starts with	The famous street in New York City known as the center of the American commercial theater industry.	Broadway	General	Difícil	EN
C	Starts with	The medieval English poet widely considered the greatest of the Middle Ages, author of "The Canterbury Tales".	Chaucer	General	Difícil	EN
C	Starts with	The British explorer who mapped Newfoundland and made the first recorded European contact with the eastern coastline of Australia.	Cook	General	Difícil	EN
C	Starts with	The unrecognized breakaway state that fought against the Union during the American Civil War.	Confederacy	General	Difícil	EN
D	Starts with	The English privateer and explorer who carried out the second circumnavigation of the world in a single expedition.	Drake	General	Difícil	EN
D	Starts with	The historical US document adopted on July 4, 1776, announcing separation from Great Britain (First word).	Declaration	General	Difícil	EN
D	Starts with	The Victorian English author who wrote "Great Expectations" and "Oliver Twist" (Last name).	Dickens	General	Difícil	EN
E	Starts with	The era of English history from 1558 to 1603, often considered the golden age of English literature and exploration.	Elizabethan	General	Difícil	EN
E	Starts with	The American inventor famously known for the phonograph and the practical incandescent light bulb (Last name).	Edison	General	Difícil	EN
E	Starts with	The American aviation pioneer who was the first female aviator to fly solo across the Atlantic Ocean (Last name).	Earhart	General	Difícil	EN
F	Starts with	The British scientist who discovered penicillin in 1928 (Last name).	Fleming	General	Difícil	EN
F	Starts with	The American Founding Father, inventor, and diplomat whose face is on the hundred-dollar bill (Last name).	Franklin	General	Difícil	EN
F	Starts with	The 1982 conflict fought between Britain and Argentina over a South Atlantic archipelago (First word).	Falklands	General	Difícil	EN
G	Starts with	The site of a famous 1863 Civil War battle and the subject of Abraham Lincoln's most famous speech.	Gettysburg	General	Difícil	EN
G	Starts with	The famous London theatre associated with William Shakespeare and his playing company.	Globe	General	Difícil	EN
G	Starts with	The title character of F. Scott Fitzgerald's famous 1925 novel about the American Jazz Age.	Gatsby	General	Difícil	EN
H	Starts with	The English monarch famous for having six wives and initiating the English Reformation (First name).	Henry	General	Difícil	EN
H	Starts with	The famous American escapologist and illusionist, noted for his sensational escape acts (Last name).	Houdini	General	Difícil	EN
H	Starts with	The American novelist who wrote "The Old Man and the Sea" and "A Farewell to Arms" (Last name).	Hemingway	General	Difícil	EN
I	Starts with	The period of major industrialization and innovation that began in Great Britain in the late 18th century (First word).	Industrial	General	Difícil	EN
I	Starts with	The US hall in Philadelphia where both the Declaration of Independence and the Constitution were debated and adopted.	Independence	General	Difícil	EN
I	Starts with	The iconic American author of the short stories "The Legend of Sleepy Hollow" and "Rip Van Winkle" (Last name).	Irving	General	Difícil	EN
J	Starts with	The first permanent English settlement in the Americas, established in Virginia in 1607.	Jamestown	General	Difícil	EN
J	Starts with	The US President who was the principal author of the Declaration of Independence (Last name).	Jefferson	General	Difícil	EN
J	Starts with	The orphaned title character of Charlotte Brontë's most famous 1847 novel (First name).	Jane	General	Difícil	EN
K	Starts with	The famous American civil rights leader who delivered the "I Have a Dream" speech (Last name).	King	General	Difícil	EN
K	Starts with	The English romantic poet known for his odes, who died of tuberculosis at age 25 (Last name).	Keats	General	Difícil	EN
K	Starts with	The fictional gigantic ape monster introduced in a 1933 American adventure film.	Kong	General	Difícil	EN
L	Starts with	The 16th US President who led the nation through its Civil War and issued the Emancipation Proclamation (Last name).	Lincoln	General	Difícil	EN
L	Starts with	The English royal house that fought the House of York in the 15th-century Wars of the Roses.	Lancaster	General	Difícil	EN
L	Starts with	A giant sea creature from biblical myth, and the title of Thomas Hobbes' famous 1651 book on political philosophy.	Leviathan	General	Difícil	EN
M	Starts with	The historic royal charter of rights agreed to by King John of England in 1215 at Runnymede (First word).	Magna	General	Difícil	EN
M	Starts with	The 19th-century American author of the epic whaling novel "Moby-Dick" (Last name).	Melville	General	Difícil	EN
M	Starts with	The famous American pop culture icon and actress who sang "Happy Birthday" to President Kennedy (Last name).	Monroe	General	Difícil	EN
N	Starts with	The famous British admiral who won the Battle of Trafalgar but died during the fighting (Last name).	Nelson	General	Difícil	EN
N	Starts with	The Native American tribe whose complex language was used as an unbreakable code by the US military during WWII.	Navajo	General	Difícil	EN
N	Starts with	The 19th-century British nurse widely considered the founder of modern nursing (Last name).	Nightingale	General	Difícil	EN
O	Starts with	The British author of the dystopian novel "1984" and the allegorical novella "Animal Farm" (Last name).	Orwell	General	Difícil	EN
O	Starts with	The ancient university in England, widely considered the oldest in the English-speaking world.	Oxford	General	Difícil	EN
O	Starts with	The code name for the Allied invasion of Normandy during World War II (Operation ...).	Overlord	General	Difícil	EN
P	Starts with	The early European settlers of the Plymouth Colony in present-day Massachusetts who arrived on the Mayflower.	Pilgrims	General	Difícil	EN
P	Starts with	The American writer and poet famous for his macabre tales and the poem "The Raven" (Last name).	Poe	General	Difícil	EN
P	Starts with	The highest prize in American journalism and literature, established by a newspaper publisher.	Pulitzer	General	Difícil	EN
Q	Starts with	The religious Society of Friends, known for their pacifism, who founded the colony of Pennsylvania.	Quakers	General	Difícil	EN
Q	Starts with	The New York City borough where JFK International Airport is located.	Queens	General	Difícil	EN
Q	Starts with	The first name of the American film director famous for "Pulp Fiction" and "Kill Bill".	Quentin	General	Difícil	EN
R	Starts with	The 32nd US President who led the country through the Great Depression and most of WWII (Last name).	Roosevelt	General	Difícil	EN
R	Starts with	The British monarch known as the "Lionheart" who led the Third Crusade (First name).	Richard	General	Difícil	EN
R	Starts with	The legendary heroic English outlaw of folklore who stole from the rich to give to the poor (First name).	Robin	General	Difícil	EN
S	Starts with	The historic prehistoric monument in Wiltshire, England, consisting of a ring of standing stones.	Stonehenge	General	Difícil	EN
S	Starts with	The Scottish author of "Treasure Island" and "The Strange Case of Dr Jekyll and Mr Hyde" (Last name).	Stevenson	General	Difícil	EN
S	Starts with	The Massachusetts town infamous for its 1692 witch trials.	Salem	General	Difícil	EN
T	Starts with	The American author who wrote "The Adventures of Tom Sawyer" and "Adventures of Huckleberry Finn" (Pen name, last name).	Twain	General	Difícil	EN
T	Starts with	The English royal house that produced famous monarchs such as Henry VIII and Elizabeth I.	Tudor	General	Difícil	EN
T	Starts with	The iconic bridge in London with two towers, often incorrectly referred to as London Bridge.	Tower Bridge	General	Difícil	EN
U	Starts with	The 19th-century network of secret routes and safe houses used by enslaved African Americans to escape (First word).	Underground	General	Difícil	EN
U	Starts with	The fictional character created in 1812 who is a national personification of the US government.	Uncle Sam	General	Difícil	EN
U	Starts with	The large western US state known for the Great Salt Lake and its deep Mormon heritage.	Utah	General	Difícil	EN
V	Starts with	The era of British history corresponding to the 63-year reign of Queen Victoria.	Victorian	General	Difícil	EN
V	Starts with	The US state where the first permanent English settlement, Jamestown, was founded.	Virginia	General	Difícil	EN
V	Starts with	The location in Pennsylvania where George Washington's Continental Army spent the harsh winter of 1777-1778 (First word).	Valley	General	Difícil	EN
W	Starts with	The decisive battle in 1815 where Napoleon was finally defeated by the Duke of Wellington.	Waterloo	General	Difícil	EN
W	Starts with	The 19th-century American poet, essayist, and journalist who wrote the poetry collection "Leaves of Grass" (Last name).	Whitman	General	Difícil	EN
W	Starts with	The area in London containing the Houses of Parliament and a famous Abbey where monarchs are crowned.	Westminster	General	Difícil	EN
X	Contains	The 37th US President, the only one to ever resign from office due to the Watergate scandal.	Nixon	General	Difícil	EN
X	Contains	The British author who wrote the dystopian novel "Brave New World" (Last name).	Huxley	General	Difícil	EN
X	Starts with	The fear or hatred of foreigners, strangers, or things from other countries.	Xenophobia	General	Difícil	EN
Y	Starts with	The US national park in Wyoming known for its wildlife and geysers, such as Old Faithful.	Yellowstone	General	Difícil	EN
Y	Starts with	The English royal house, symbolized by a white rose, that fought the House of Lancaster in the Wars of the Roses.	York	General	Difícil	EN
Y	Starts with	The prestigious American Ivy League research university located in New Haven, Connecticut.	Yale	General	Difícil	EN
Z	Starts with	The English name of the country in Oceania where the "Lord of the Rings" films were primarily shot (Second word).	Zealand	General	Difícil	EN
Z	Starts with	The founder and CEO of Meta/Facebook (Last name).	Zuckerberg	General	Difícil	EN
Z	Starts with	The popular name for the demographic cohort born between the late 1990s and the early 2010s (Generation ...).	Z	General	Difícil	EN
A	Empieza por	A round fruit with red or green skin.	Apple	Definición	Fácil	EN
A	Empieza por	A living creature that is not a plant or a human.	Animal	Definición	Fácil	EN
A	Empieza por	The part of your body between your shoulder and your hand.	Arm	Definición	Fácil	EN
B	Empieza por	A male child.	Boy	Definición	Fácil	EN
B	Empieza por	An object with pages that you read.	Book	Definición	Fácil	EN
B	Empieza por	A piece of furniture that you sleep on.	Bed	Definición	Fácil	EN
C	Empieza por	A vehicle with four wheels used for driving on roads.	Car	Definición	Fácil	EN
C	Empieza por	A piece of furniture for one person to sit on, with a back and four legs.	Chair	Definición	Fácil	EN
C	Empieza por	A large and important town, like London or New York.	City	Definición	Fácil	EN
D	Empieza por	An animal with four legs kept as a pet or for guarding a house.	Dog	Definición	Fácil	EN
D	Empieza por	A piece of wood or metal used to open and close the entrance to a room.	Door	Definición	Fácil	EN
D	Empieza por	A period of 24 hours.	Day	Definición	Fácil	EN
E	Empieza por	The part of the face that you use to see.	Eye	Definición	Fácil	EN
E	Empieza por	An oval object produced by birds, often eaten for breakfast.	Egg	Definición	Fácil	EN
E	Empieza por	The number that comes after seven.	Eight	Definición	Fácil	EN
F	Empieza por	A group consisting of parents and their children.	Family	Definición	Fácil	EN
F	Empieza por	What people and animals eat to live.	Food	Definición	Fácil	EN
F	Empieza por	An animal that lives in water and swims.	Fish	Definición	Fácil	EN
G	Empieza por	A female child.	Girl	Definición	Fácil	EN
G	Empieza por	An activity or sport that you play for fun.	Game	Definición	Fácil	EN
G	Empieza por	The color of grass and leaves.	Green	Definición	Fácil	EN
H	Empieza por	The part of the body at the end of the arm with five fingers.	Hand	Definición	Fácil	EN
H	Empieza por	An item of clothing worn on your head.	Hat	Definición	Fácil	EN
H	Empieza por	A large animal with four legs that people can ride.	Horse	Definición	Fácil	EN
I	Empieza por	Water that is frozen and solid.	Ice	Definición	Fácil	EN
I	Empieza por	A piece of land completely surrounded by water.	Island	Definición	Fácil	EN
I	Empieza por	A small animal with six legs, like a fly or an ant.	Insect	Definición	Fácil	EN
J	Empieza por	The sweet liquid that comes from fruit or vegetables.	Juice	Definición	Fácil	EN
J	Empieza por	To push yourself into the air using your legs.	Jump	Definición	Fácil	EN
J	Empieza por	A piece of clothing worn on the upper body like a short coat.	Jacket	Definición	Fácil	EN
K	Empieza por	A small piece of metal used to open a door or start a car.	Key	Definición	Fácil	EN
K	Empieza por	The male ruler of an independent state.	King	Definición	Fácil	EN
K	Empieza por	A toy made of paper or plastic that you fly in the wind on a long string.	Kite	Definición	Fácil	EN
L	Empieza por	The part of the body used for standing and walking.	Leg	Definición	Fácil	EN
L	Empieza por	A written message sent to someone in an envelope.	Letter	Definición	Fácil	EN
L	Empieza por	A large, wild cat found in Africa, known for having a mane.	Lion	Definición	Fácil	EN
M	Empieza por	A female parent.	Mother	Definición	Fácil	EN
M	Empieza por	Coins and paper notes used to buy things.	Money	Definición	Fácil	EN
M	Empieza por	The early part of the day, before noon.	Morning	Definición	Fácil	EN
N	Empieza por	The word used to call a person, place, or thing.	Name	Definición	Fácil	EN
N	Empieza por	The time of day when it is dark and people go to sleep.	Night	Definición	Fácil	EN
N	Empieza por	The part of the face used for smelling and breathing.	Nose	Definición	Fácil	EN
O	Empieza por	A round citrus fruit that shares its name with a color.	Orange	Definición	Fácil	EN
O	Empieza por	Having lived or existed for a long time; the opposite of new or young.	Old	Definición	Fácil	EN
O	Empieza por	A very large area of sea.	Ocean	Definición	Fácil	EN
P	Empieza por	A tool used for writing with ink.	Pen	Definición	Fácil	EN
P	Empieza por	A large public green area in a town used for recreation.	Park	Definición	Fácil	EN
P	Empieza por	A social event with food, drinks, and music to celebrate something.	Party	Definición	Fácil	EN
Q	Empieza por	The female ruler of a country.	Queen	Definición	Fácil	EN
Q	Empieza por	Making very little or no noise; silent.	Quiet	Definición	Fácil	EN
Q	Empieza por	A sentence asked to find out information.	Question	Definición	Fácil	EN
R	Empieza por	The color of blood and tomatoes.	Red	Definición	Fácil	EN
R	Empieza por	Water that falls from the clouds in drops.	Rain	Definición	Fácil	EN
R	Empieza por	A part of the inside of a building, separated by walls.	Room	Definición	Fácil	EN
S	Empieza por	The star that provides light and heat to the Earth.	Sun	Definición	Fácil	EN
S	Empieza por	A place where children go to learn and study.	School	Definición	Fácil	EN
S	Empieza por	A piece of clothing worn on the foot.	Shoe	Definición	Fácil	EN
T	Empieza por	A tall plant with a wooden trunk, branches, and leaves.	Tree	Definición	Fácil	EN
T	Empieza por	A person whose job is to instruct students in a school.	Teacher	Definición	Fácil	EN
T	Empieza por	A piece of furniture with a flat top and legs, where you eat or work.	Table	Definición	Fácil	EN
U	Empieza por	An object used to protect against rain.	Umbrella	Definición	Fácil	EN
U	Empieza por	The brother of your father or mother.	Uncle	Definición	Fácil	EN
U	Empieza por	Toward a higher place or position; the opposite of down.	Up	Definición	Fácil	EN
V	Empieza por	A group of houses in a country area, smaller than a town.	Village	Definición	Fácil	EN
V	Empieza por	The sound produced in a person's throat when speaking or singing.	Voice	Definición	Fácil	EN
V	Empieza por	A plant grown for food, like a carrot, potato, or onion.	Vegetable	Definición	Fácil	EN
W	Empieza por	A clear liquid that falls as rain and is used for drinking and washing.	Water	Definición	Fácil	EN
W	Empieza por	An opening in a wall with glass to let light and air into a room.	Window	Definición	Fácil	EN
W	Empieza por	The color of snow or milk.	White	Definición	Fácil	EN
X	Empieza por	A photograph of the inside of the body, usually showing bones.	X-ray	Definición	Fácil	EN
X	Contiene la	A square or rectangular container made of cardboard or wood.	Box	Definición	Fácil	EN
X	Contiene la	The number that comes right after five.	Six	Definición	Fácil	EN
Y	Empieza por	The color of a lemon or the sun.	Yellow	Definición	Fácil	EN
Y	Empieza por	A period of time equal to 365 days.	Year	Definición	Fácil	EN
Y	Empieza por	Having lived or existed for only a short time; the opposite of old.	Young	Definición	Fácil	EN
Z	Empieza por	A place where live animals are kept so people can visit and look at them.	Zoo	Definición	Fácil	EN
Z	Empieza por	An African wild animal that looks like a horse with black and white stripes.	Zebra	Definición	Fácil	EN
Z	Empieza por	The number 0; nothing.	Zero	Definición	Fácil	EN
A	Empieza por	To successfully complete something or get a good result, especially by working hard.	Achieve	Definición	Medio	EN
A	Empieza por	A condition or circumstance that puts one in a favorable or superior position.	Advantage	Definición	Medio	EN
A	Empieza por	An opinion or recommendation offered as a guide to action or conduct.	Advice	Definición	Medio	EN
B	Empieza por	A person's education, experience, and social circumstances.	Background	Definición	Medio	EN
B	Empieza por	The way in which an animal or person acts in response to a particular situation.	Behavior	Definición	Medio	EN
B	Empieza por	An advantage or profit gained from something.	Benefit	Definición	Medio	EN
C	Empieza por	A task or situation that tests someone's abilities.	Challenge	Definición	Medio	EN
C	Empieza por	A person with whom one works in a profession or business.	Colleague	Definición	Medio	EN
C	Empieza por	To express dissatisfaction or annoyance about a situation or an event.	Complain	Definición	Medio	EN
D	Empieza por	Physical harm caused to something in such a way as to impair its value or usefulness.	Damage	Definición	Medio	EN
D	Empieza por	To make a choice from a number of alternatives.	Decide	Definición	Medio	EN
D	Empieza por	The process of growing, progressing, or advancing.	Development	Definición	Medio	EN
E	Empieza por	A vigorous or determined attempt to do something.	Effort	Definición	Medio	EN
E	Empieza por	The surroundings or conditions in which a person, animal, or plant lives.	Environment	Definición	Medio	EN
E	Empieza por	Practical contact with and observation of facts or events over time.	Experience	Definición	Medio	EN
F	Empieza por	A building or group of buildings where goods are manufactured or assembled.	Factory	Definición	Medio	EN
F	Empieza por	Characteristic of a country or language other than one's own.	Foreign	Definición	Medio	EN
F	Empieza por	Large movable equipment, such as tables and chairs, used to make a space suitable for living.	Furniture	Definición	Medio	EN
G	Empieza por	To come together; to assemble or accumulate.	Gather	Definición	Medio	EN
G	Empieza por	All of the people born and living at about the same time.	Generation	Definición	Medio	EN
G	Empieza por	To estimate or suppose something without sufficient information to be sure.	Guess	Definición	Medio	EN
H	Empieza por	A settled or regular tendency or practice, especially one that is hard to give up.	Habit	Definición	Medio	EN
H	Empieza por	The state of being free from illness or injury.	Health	Definición	Medio	EN
H	Empieza por	Extremely large in size or amount; enormous.	Huge	Definición	Medio	EN
I	Empieza por	To make or become better.	Improve	Definición	Medio	EN
I	Empieza por	To contain as part of a whole.	Include	Definición	Medio	EN
I	Empieza por	An important topic or problem for debate or discussion.	Issue	Definición	Medio	EN
J	Empieza por	An act of traveling from one place to another, especially over a long distance.	Journey	Definición	Medio	EN
J	Empieza por	A public official appointed to decide cases in a court of law.	Judge	Definición	Medio	EN
J	Empieza por	Fair behavior or treatment; the administration of the law.	Justice	Definición	Medio	EN
K	Empieza por	Having or showing eagerness or enthusiasm.	Keen	Definición	Medio	EN
K	Empieza por	A panel of keys that operate a computer or typewriter.	Keyboard	Definición	Medio	EN
K	Empieza por	Facts, information, and skills acquired by a person through experience or education.	Knowledge	Definición	Medio	EN
L	Empieza por	The state of being without or not having enough of something.	Lack	Definición	Medio	EN
L	Empieza por	A person who practices or studies law.	Lawyer	Definición	Medio	EN
L	Empieza por	Suitcases or other bags in which to pack personal belongings for traveling.	Luggage	Definición	Medio	EN
M	Empieza por	To be in charge of a company, establishment, or team; to administer.	Manage	Definición	Medio	EN
M	Empieza por	To ascertain the size, amount, or degree of something by using an instrument.	Measure	Definición	Medio	EN
M	Empieza por	The faculty by which the mind stores and remembers information.	Memory	Definición	Medio	EN
N	Empieza por	Of small width in relation to length.	Narrow	Definición	Medio	EN
N	Empieza por	A person living near or next door to you.	Neighbor	Definición	Medio	EN
N	Empieza por	To become aware of something by seeing or observing it.	Notice	Definición	Medio	EN
O	Empieza por	To present something for someone to accept or reject as they desire.	Offer	Definición	Medio	EN
O	Empieza por	A view or judgment formed about something, not necessarily based on fact.	Opinion	Definición	Medio	EN
O	Empieza por	A set of circumstances that makes it possible to do something; a chance.	Opportunity	Definición	Medio	EN
P	Empieza por	A repeated decorative design.	Pattern	Definición	Medio	EN
P	Empieza por	Having or showing behavior that is respectful and considerate of other people.	Polite	Definición	Medio	EN
P	Empieza por	The reason for which something is done or created.	Purpose	Definición	Medio	EN
Q	Empieza por	The standard of something as measured against other things of a similar kind.	Quality	Definición	Medio	EN
Q	Empieza por	Each of four equal parts into which something is divided.	Quarter	Definición	Medio	EN
Q	Empieza por	To repeat or copy out a group of words from a text or speech.	Quote	Definición	Medio	EN
R	Empieza por	To become fully aware of something as a fact; to understand clearly.	Realize	Definición	Medio	EN
R	Empieza por	To be given, presented with, or paid something.	Receive	Definición	Medio	EN
R	Empieza por	An act of asking politely or formally for something.	Request	Definición	Medio	EN
S	Empieza por	To have a portion of something with another or others.	Share	Definición	Medio	EN
S	Empieza por	The ability to do something well; expertise.	Skill	Definición	Medio	EN
S	Empieza por	To put an idea or plan forward for consideration.	Suggest	Definición	Medio	EN
T	Empieza por	A person, object, or place selected as the aim of an attack or an objective.	Target	Definición	Medio	EN
T	Empieza por	A piece of work to be done or undertaken.	Task	Definición	Medio	EN
T	Empieza por	A statement of an intention to inflict pain, injury, or damage.	Threat	Definición	Medio	EN
U	Empieza por	A conjunction meaning "except if".	Unless	Definición	Medio	EN
U	Empieza por	Able to be used for a practical purpose or in several ways.	Useful	Definición	Medio	EN
U	Empieza por	Habitually or typically occurring or done; customary.	Usual	Definición	Medio	EN
V	Empieza por	The regard that something is held to deserve; its importance or worth.	Value	Definición	Medio	EN
V	Empieza por	The quality or state of being different or diverse.	Variety	Definición	Medio	EN
V	Empieza por	A machine, usually with wheels and an engine, used for transporting people or goods.	Vehicle	Definición	Medio	EN
W	Empieza por	A pocket-sized, flat, folding holder for money and plastic cards.	Wallet	Definición	Medio	EN
W	Empieza por	To use or expend carelessly, extravagantly, or to no purpose.	Waste	Definición	Medio	EN
W	Empieza por	A thing designed or used for inflicting bodily harm or physical damage.	Weapon	Definición	Medio	EN
X	Contiene la	Experiencing worry, unease, or nervousness.	Anxious	Definición	Medio	EN
X	Contiene la	A reason or explanation put forward to defend or justify a fault.	Excuse	Definición	Medio	EN
X	Contiene la	As great, high, or intense as possible or permitted.	Maximum	Definición	Medio	EN
Y	Empieza por	To involuntarily open one's mouth wide and inhale deeply due to tiredness.	Yawn	Definición	Medio	EN
Y	Empieza por	To give a loud, sharp cry.	Yell	Definición	Medio	EN
Y	Empieza por	The period of life between childhood and adult age.	Youth	Definición	Medio	EN
Z	Empieza por	Great energy or enthusiasm in pursuit of a cause or an objective.	Zeal	Definición	Medio	EN
Z	Empieza por	A device consisting of two flexible strips of metal or plastic used to fasten clothes.	Zipper	Definición	Medio	EN
Z	Empieza por	An area or stretch of land having a particular characteristic, purpose, or use.	Zone	Definición	Medio	EN
A	Empieza por	To publicly support or suggest an idea, development, or way of doing something.	Advocate	Definición	Difícil	EN
A	Empieza por	To make something bad, such as pain or a problem, less severe.	Alleviate	Definición	Difícil	EN
A	Empieza por	A lack of interest, enthusiasm, or concern about things.	Apathy	Definición	Difícil	EN
B	Empieza por	To cause someone to be completely unable to understand or explain something.	Baffle	Definición	Difícil	EN
B	Empieza por	Hostile, aggressive, and eager to fight or argue.	Belligerent	Definición	Difícil	EN
B	Empieza por	Kind, helpful, and generous, especially towards the less fortunate.	Benevolent	Definición	Difícil	EN
C	Empieza por	Secret or hidden, usually because it is illegal or forbidden.	Clandestine	Definición	Difícil	EN
C	Empieza por	A feeling of smug or uncritical satisfaction with oneself or one's achievements.	Complacency	Definición	Difícil	EN
C	Empieza por	To persuade someone forcefully to do something that they are unwilling to do.	Coerce	Definición	Difícil	EN
D	Empieza por	Harmful or damaging to someone or something.	Detrimental	Definición	Difícil	EN
D	Empieza por	A lack of equality or similarity, especially in a way that is not fair.	Disparity	Definición	Difícil	EN
D	Empieza por	To spread or give out something, especially news or information, to a lot of people.	Disseminate	Definición	Difícil	EN
E	Empieza por	Lasting for a very short time; transient.	Ephemeral	Definición	Difícil	EN
E	Empieza por	A sudden and brilliant idea, realization, or revelation.	Epiphany	Definición	Difícil	EN
E	Empieza por	To completely destroy or get rid of something bad, such as a disease.	Eradicate	Definición	Difícil	EN
F	Empieza por	Not having any serious purpose or value; silly and light-hearted.	Frivolous	Definición	Difícil	EN
F	Empieza por	Occurring by a happy or lucky chance.	Fortuitous	Definición	Difícil	EN
F	Empieza por	To treat someone with false or exaggerated praise to get what you want.	Flatter	Definición	Difícil	EN
G	Empieza por	Excessively talkative, especially on trivial or unimportant matters.	Garrulous	Definición	Difícil	EN
G	Empieza por	Sociable and fond of the company of others.	Gregarious	Definición	Difícil	EN
G	Empieza por	To gather or collect something, especially information or approval.	Garner	Definición	Difícil	EN
H	Empieza por	A person who claims to have moral beliefs but behaves in a way that shows they are not sincere.	Hypocrite	Definición	Difícil	EN
H	Empieza por	Arrogant and superior towards others; snobbish.	Haughty	Definición	Difícil	EN
H	Empieza por	A system in which members of an organization or society are ranked according to status.	Hierarchy	Definición	Difícil	EN
I	Empieza por	Incapable of making mistakes or being wrong.	Infallible	Definición	Difícil	EN
I	Empieza por	Perfect, flawless, and without any faults or errors.	Impeccable	Definición	Difícil	EN
I	Empieza por	Absolutely necessary; unable to be replaced.	Indispensable	Definición	Difícil	EN
J	Empieza por	Danger of loss, harm, or failure.	Jeopardy	Definición	Difícil	EN
J	Empieza por	To place two or more things together to emphasize a contrast or suggest a link.	Juxtapose	Definición	Difícil	EN
J	Empieza por	The official power to make legal decisions and judgments.	Jurisdiction	Definición	Difícil	EN
K	Empieza por	A natural skill or ability to do something well.	Knack	Definición	Difícil	EN
K	Empieza por	A feeling of being close or connected to other people; blood relationship.	Kinship	Definición	Difícil	EN
K	Empieza por	A small retail stand, often open at the front, selling newspapers or snacks.	Kiosk	Definición	Difícil	EN
L	Empieza por	Plentiful, abundant, and often expensive or luxurious.	Lavish	Definición	Difícil	EN
L	Empieza por	A complicated network of passages or paths in which it is difficult to find one's way; a maze.	Labyrinth	Definición	Difícil	EN
L	Empieza por	Using a very small number of words to express what you mean; extremely concise.	Laconic	Definición	Difícil	EN
M	Empieza por	Very careful and with great attention to every detail.	Meticulous	Definición	Difícil	EN
M	Empieza por	To make something less severe, harmful, or painful.	Mitigate	Definición	Difícil	EN
M	Empieza por	Everyday, ordinary, and therefore not very interesting or exciting.	Mundane	Definición	Difícil	EN
N	Empieza por	A subtle difference in or shade of meaning, expression, or sound.	Nuance	Definición	Difícil	EN
N	Empieza por	Famous or well known, typically for some bad quality or deed.	Notorious	Definición	Difícil	EN
N	Empieza por	A person who has just started learning or doing something; a beginner.	Novice	Definición	Difícil	EN
O	Empieza por	No longer produced or used; out of date.	Obsolete	Definición	Difícil	EN
O	Empieza por	Difficult to understand, or not clearly expressed or known.	Obscure	Definición	Difícil	EN
O	Empieza por	The state of being completely unaware or unconscious of what is happening around you.	Oblivion	Definición	Difícil	EN
P	Empieza por	An action or event that serves as a guide or model for subsequent similar situations.	Precedent	Definición	Difícil	EN
P	Empieza por	Providing practical solutions to problems instead of relying strictly on theory.	Pragmatic	Definición	Difícil	EN
P	Empieza por	A difficult, unpleasant, or embarrassing situation.	Predicament	Definición	Difícil	EN
Q	Empieza por	An odd or unusual habit or part of someone's personality.	Quirk	Definición	Difícil	EN
Q	Empieza por	To suppress or put an end to a rebellion or disorder, typically by force.	Quell	Definición	Difícil	EN
Q	Empieza por	A state of perplexity or uncertainty over what to do in a difficult situation.	Quandary	Definición	Difícil	EN
R	Empieza por	To officially cancel or take back a law, decision, or agreement.	Revoke	Definición	Difícil	EN
R	Empieza por	Able to withstand or recover quickly from difficult conditions or setbacks.	Resilient	Definición	Difícil	EN
R	Empieza por	An unwillingness to do something or talk about something.	Reluctance	Definición	Difícil	EN
S	Empieza por	The act of carefully examining or inspecting something in detail.	Scrutiny	Definición	Difícil	EN
S	Empieza por	A state of being calm, peaceful, and untroubled.	Serenity	Definición	Difícil	EN
S	Empieza por	Occurring, operating, or done at the exact same time.	Simultaneous	Definición	Difícil	EN
T	Empieza por	Tending to keep a firm hold of something; clinging or adhering closely; persistent.	Tenacious	Definición	Difícil	EN
T	Empieza por	Lasting only for a short time; not permanent.	Transient	Definición	Difícil	EN
T	Empieza por	A state of violent or noisy confusion, disturbance, and disorder.	Turmoil	Definición	Difícil	EN
U	Empieza por	Seeming to be everywhere at the same time.	Ubiquitous	Definición	Difícil	EN
U	Empieza por	Never having happened, existed, or been known in the past.	Unprecedented	Definición	Difícil	EN
U	Empieza por	To strongly advise or try to persuade someone to do a particular thing.	Urge	Definición	Difícil	EN
V	Empieza por	Able to be used for many different purposes or capable of doing many things.	Versatile	Definición	Difícil	EN
V	Empieza por	To clear someone of blame, suspicion, or a false accusation.	Vindicate	Definición	Difícil	EN
V	Empieza por	Liable to change rapidly and unpredictably, especially for the worse.	Volatile	Definición	Difícil	EN
W	Empieza por	Very tired, especially after working hard for a long time.	Weary	Definición	Difícil	EN
W	Empieza por	Clever and amusing in a sharp, quick, and inventive way.	Witty	Definición	Difícil	EN
W	Empieza por	To gradually decrease in power, strength, or size.	Wane	Definición	Difícil	EN
X	Contiene la	To make a problem, bad situation, or negative feeling worse.	Exacerbate	Definición	Difícil	EN
X	Contiene la	To free someone from blame, guilt, or a negative obligation.	Exonerate	Definición	Difícil	EN
X	Contiene la	A strong feeling of fear, worry, or unease.	Anxiety	Definición	Difícil	EN
Y	Empieza por	To produce or provide something, such as a crop, a profit, or a result.	Yield	Definición	Difícil	EN
Y	Empieza por	A strong feeling of wishing for something, especially something you cannot have.	Yearn	Definición	Difícil	EN
Y	Empieza por	An informal word used to refer to a person from the northern United States.	Yankee	Definición	Difícil	EN
Z	Empieza por	The time at which something is most powerful, successful, or at its highest point.	Zenith	Definición	Difícil	EN
Z	Empieza por	A person who is fanatical and uncompromising in pursuit of their religious or political ideals.	Zealot	Definición	Difícil	EN
Z	Empieza por	A soft, mild, and gentle breeze.	Zephyr	Definición	Difícil	EN
						
A	Commence par	Sentiment romantique très associé à la ville de Paris.	Amour	General	Fácil	FR
A	Commence par	Célèbre monument à Paris situé au bout des Champs-Élysées (Arc de ...).	Arc de Triomphe	General	Fácil	FR
A	Commence par	Personne pour qui on a beaucoup d'affection et de confiance, qui n'est pas de la famille.	Ami	General	Fácil	FR
B	Commence par	Type de pain français très célèbre, caractéristique pour être long et étroit.	Baguette	General	Fácil	FR
B	Commence par	Salutation classique et courante en français pour le matin ou la journée.	Bonjour	General	Fácil	FR
B	Commence par	Couleur du ciel dégagé et première couleur du drapeau français.	Bleu	General	Fácil	FR
C	Commence par	Célèbre viennoiserie en forme de demi-lune très typique au petit-déjeuner.	Croissant	General	Fácil	FR
C	Commence par	Animal domestique félin qui aime chasser les souris.	Chat	General	Fácil	FR
C	Commence par	Galette très fine, originaire de Bretagne, qui peut se manger sucrée ou salée.	Crêpe	General	Fácil	FR
D	Commence par	Dernier jour de la semaine, où l'on ne va normalement pas à l'école.	Dimanche	General	Fácil	FR
D	Commence par	Le nombre qui vient exactement après le un.	Deux	General	Fácil	FR
D	Commence par	Morceau de tissu qui représente un pays, comme le tricolore de la France.	Drapeau	General	Fácil	FR
E	Commence par	Liquide transparent et vital que nous buvons quand nous avons soif.	Eau	General	Fácil	FR
E	Commence par	Petit animal à coquille, un plat très typique de la gastronomie française.	Escargot	General	Fácil	FR
E	Commence par	Lieu où les enfants vont tous les jours pour apprendre et étudier.	École	General	Fácil	FR
F	Commence par	Pays européen voisin de l'Espagne dont la capitale est Paris.	France	General	Fácil	FR
F	Commence par	Produit laitier dont la France possède des centaines de variétés, comme le Roquefort.	Fromage	General	Fácil	FR
F	Commence par	Petit fruit rouge et sucré qui a de petites graines à l'extérieur.	Fraise	General	Fácil	FR
G	Commence par	Mot français pour dire enfant de sexe masculin ou jeune garçon.	Garçon	General	Fácil	FR
G	Commence par	Dessert très froid et sucré que nous aimons manger en été.	Glace	General	Fácil	FR
G	Commence par	Couleur que l'on obtient en mélangeant de la peinture blanche et de la peinture noire.	Gris	General	Fácil	FR
H	Commence par	Mot français pour désigner un être humain de sexe masculin.	Homme	General	Fácil	FR
H	Commence par	Bâtiment où les médecins et les infirmières soignent les malades.	Hôpital	General	Fácil	FR
H	Commence par	Le nombre qui vient exactement après le sept.	Huit	General	Fácil	FR
I	Commence par	Portion de terre qui est entourée d'eau de toutes parts.	Île	General	Fácil	FR
I	Commence par	Pays européen voisin de la France qui a la forme d'une botte.	Italie	General	Fácil	FR
I	Commence par	Petit animal qui a six pattes, comme une mouche ou une fourmi.	Insecte	General	Fácil	FR
J	Commence par	Le quatrième jour de la semaine de travail.	Jeudi	General	Fácil	FR
J	Commence par	La couleur qu'ont le soleil et les citrons.	Jaune	General	Fácil	FR
J	Commence par	Terrain où l'on cultive des plantes et des fleurs, comme celui des Tuileries.	Jardin	General	Fácil	FR
K	Commence par	Animal herbivore australien célèbre pour se déplacer en faisant de grands bonds.	Kangourou	General	Fácil	FR
K	Commence par	Unité de mesure de poids qui équivaut à mille grammes.	Kilo	General	Fácil	FR
K	Commence par	Petit fruit avec une peau marron poilue et un intérieur vert brillant.	Kiwi	General	Fácil	FR
L	Commence par	Le musée le plus célèbre de Paris, où est exposée La Joconde.	Louvre	General	Fácil	FR
L	Commence par	Le premier jour de la semaine de travail et d'école.	Lundi	General	Fácil	FR
L	Commence par	Objet composé de pages de papier qui sert à lire des histoires.	Livre	General	Fácil	FR
M	Commence par	Mot français pour désigner la maman.	Mère	General	Fácil	FR
M	Commence par	Bâtiment dans lequel vit une famille.	Maison	General	Fácil	FR
M	Commence par	Le mot le plus courant pour exprimer sa gratitude en français.	Merci	General	Fácil	FR
N	Commence par	La couleur la plus sombre de toutes, opposée au blanc.	Noir	General	Fácil	FR
N	Commence par	Partie de la journée où il n'y a pas de soleil et où nous allons dormir.	Nuit	General	Fácil	FR
N	Commence par	Flocons blancs d'eau congelée qui tombent du ciel en hiver.	Neige	General	Fácil	FR
O	Commence par	Le mot le plus court et direct pour exprimer l'affirmation en français.	Oui	General	Fácil	FR
O	Commence par	Animal avec des ailes et des plumes qui est capable de voler.	Oiseau	General	Fácil	FR
O	Commence par	Fruit agrume rond et couleur qui portent exactement le même nom.	Orange	General	Fácil	FR
P	Commence par	La capitale de la France, mondialement connue comme la Ville Lumière.	Paris	General	Fácil	FR
P	Commence par	Mot français pour désigner le papa.	Père	General	Fácil	FR
P	Commence par	Fruit de forme ronde qui peut être rouge, vert ou jaune.	Pomme	General	Fácil	FR
Q	Commence par	Le nombre qui se trouve entre le trois et le cinq.	Quatre	General	Fácil	FR
Q	Commence par	Jour du mois de juillet où l'on célèbre la fête nationale de la France.	Quatorze	General	Fácil	FR
Q	Commence par	Phrase que l'on utilise pour demander quelque chose à quelqu'un.	Question	General	Fácil	FR
R	Commence par	La couleur qu'ont le sang et les camions de pompiers.	Rouge	General	Fácil	FR
R	Commence par	Fleur romantique avec des épines, ou la couleur typique des petits cochons.	Rose	General	Fácil	FR
R	Commence par	Animal sauvage de la forêt connu pour sa ruse et son pelage roux.	Renard	General	Fácil	FR
S	Commence par	L'étoile qui nous donne de la lumière et de la chaleur pendant la journée.	Soleil	General	Fácil	FR
S	Commence par	Le célèbre fleuve navigable qui traverse la ville de Paris.	Seine	General	Fácil	FR
S	Commence par	Le premier jour du week-end.	Samedi	General	Fácil	FR
T	Commence par	Le monument en fer le plus célèbre de Paris, construit par Gustave... (Tour ...).	Tour Eiffel	General	Fácil	FR
T	Commence par	Le nombre qui vient exactement après le deux.	Trois	General	Fácil	FR
T	Commence par	Moyen de transport composé de wagons qui circule sur des rails en fer.	Train	General	Fácil	FR
U	Commence par	Le premier nombre avec lequel nous commençons à compter.	Un	General	Fácil	FR
U	Commence par	Centre d'enseignement supérieur où vont les jeunes après le lycée.	Université	General	Fácil	FR
U	Commence par	Lieu ou bâtiment où l'on fabrique des voitures ou d'autres produits industriels.	Usine	General	Fácil	FR
V	Commence par	La couleur de l'herbe et des feuilles des arbres.	Vert	General	Fácil	FR
V	Commence par	Véhicule à quatre roues et à moteur que nous utilisons pour rouler sur la route.	Voiture	General	Fácil	FR
V	Commence par	Le dernier jour de la semaine où les enfants vont à l'école.	Vendredi	General	Fácil	FR
W	Commence par	Mot que les Français ont emprunté à l'anglais pour désigner la fin de la semaine.	Week-end	General	Fácil	FR
W	Commence par	Chacun des véhicules sans moteur qui sont tirés par un train.	Wagon	General	Fácil	FR
W	Commence par	Réseau informatique mondial par lequel nous naviguons sur Internet.	Web	General	Fácil	FR
X	Contient la	Voiture de service public qui a un panneau lumineux au-dessus et fait payer le trajet.	Taxi	General	Fácil	FR
X	Contient la	Le nombre dix en français.	Dix	General	Fácil	FR
X	Contient la	Le nombre six en français.	Six	General	Fácil	FR
Y	Commence par	Organes du corps que nous utilisons pour voir (pluriel d'œil en français).	Yeux	General	Fácil	FR
Y	Commence par	Dessert crémeux au lait fermenté que nous mangeons habituellement à la cuillère.	Yaourt	General	Fácil	FR
Y	Commence par	Pratique physique et mentale originaire de l'Inde pour se détendre et s'étirer.	Yoga	General	Fácil	FR
Z	Commence par	Animal africain ressemblant à un cheval mais couvert de rayures blanches et noires.	Zèbre	General	Fácil	FR
Z	Commence par	Parc où l'on soigne et expose des animaux sauvages du monde entier.	Zoo	General	Fácil	FR
Z	Commence par	Le nombre qui représente le rien ou le vide.	Zéro	General	Fácil	FR
A	Commence par	Plat traditionnel provençal semblable à la mayonnaise, à base d'ail et d'huile d'olive.	Aïoli	General	Medio	FR
A	Commence par	Célèbre palais et ville du sud de la France qui fut le siège des papes au XIVe siècle.	Avignon	General	Medio	FR
A	Commence par	Région historique frontalière de l'Allemagne, célèbre pour ses vins blancs et la ville de Strasbourg.	Alsace	General	Medio	FR
B	Commence par	Région du nord-ouest de la France à fort héritage celte, d'où sont originaires les crêpes.	Bretagne	General	Medio	FR
B	Commence par	Ville du sud-ouest de la France mondialement célèbre pour les excellents vins de sa région.	Bordeaux	General	Medio	FR
B	Commence par	Établissement typiquement français, mélange de bar et de restaurant, à l'ambiance animée et au décor classique.	Brasserie	General	Medio	FR
C	Commence par	Ville de la Côte d'Azur mondialement célèbre pour son prestigieux Festival International du Film.	Cannes	General	Medio	FR
C	Commence par	Palais, château fort ou manoir à la campagne, très typiques et touristiques dans la vallée de la Loire.	Château	General	Medio	FR
C	Commence par	Mot qui accompagne "Azur" pour nommer la côte méditerranéenne française, synonyme de luxe et de soleil (Côte...).	Côte	General	Medio	FR
D	Commence par	Rivière et région du sud-ouest de la France, zone célèbre pour ses paysages naturels, ses châteaux et sa gastronomie.	Dordogne	General	Medio	FR
D	Commence par	Plat sucré ou assiette de fromages servis pour terminer un repas traditionnel français.	Dessert	General	Medio	FR
D	Commence par	Nom de famille du célèbre philosophe, mathématicien et physicien français qui a prononcé la phrase "Je pense, donc je suis".	Descartes	General	Medio	FR
E	Commence par	Nom de famille de l'ingénieur français qui a conçu la célèbre tour de fer de Paris pour l'Exposition Universelle de 1889.	Eiffel	General	Medio	FR
E	Commence par	Pâtisserie allongée, faite de pâte à choux, fourrée de crème et recouverte de glaçage.	Éclair	General	Medio	FR
E	Commence par	Nom de l'avenue la plus célèbre et prestigieuse de Paris (Champs-...).	Élysées	General	Medio	FR
F	Commence par	Nom de famille de l'illustre romancier français du XIXe siècle, auteur de l'œuvre acclamée "Madame Bovary".	Flaubert	General	Medio	FR
F	Commence par	Ancienne monnaie nationale utilisée en France avant l'adoption de l'euro.	Franc	General	Medio	FR
F	Commence par	Célébration, comme la fête nationale qui a lieu en France le 14 juillet.	Fête	General	Medio	FR
G	Commence par	Nom de famille du général et président français qui a dirigé la Résistance pendant la Seconde Guerre mondiale.	Gaulle	General	Medio	FR
G	Commence par	Important fleuve qui prend sa source dans les Pyrénées espagnoles et coule dans le sud-ouest de la France en passant par Toulouse et Bordeaux.	Garonne	General	Medio	FR
G	Commence par	Style architectural très présent en France, caractérisé par des arcs brisés, des voûtes d'ogives et de grandes rosaces.	Gothique	General	Medio	FR
H	Commence par	Nom de famille du célèbre poète, dramaturge et romancier romantique français, auteur des "Misérables".	Hugo	General	Medio	FR
H	Commence par	Nom français d'un mollusque très apprécié et consommé, particulièrement dans les régions côtières.	Huître	General	Medio	FR
H	Commence par	Ancien marché central de Paris, historiquement connu comme "le ventre de Paris" (Les...).	Halles	General	Medio	FR
I	Commence par	Région administrative française qui englobe Paris et sa zone métropolitaine (...-de-France).	Île	General	Medio	FR
I	Commence par	Célèbre mouvement pictural du XIXe siècle né en France, mené par des artistes comme Claude Monet et Auguste Renoir.	Impressionnisme	General	Medio	FR
I	Commence par	Complexe architectural militaire à Paris où se trouve le tombeau de Napoléon Bonaparte (Les...).	Invalides	General	Medio	FR
J	Commence par	Prénom français de l'héroïne militaire et sainte patronne de la France (... d'Arc).	Jeanne	General	Medio	FR
J	Commence par	Espace de temps d'un jour, mot très utilisé dans les expressions pour souhaiter une "bonne journée".	Journée	General	Medio	FR
J	Commence par	Cuisse de porc salée ou cuite, ingrédient de base des sandwichs et de la cuisine française.	Jambon	General	Medio	FR
K	Commence par	Cocktail français populaire préparé en mélangeant du vin blanc sec et de la crème de cassis.	Kir	General	Medio	FR
K	Commence par	Mot français pour désigner l'avertisseur sonore d'une voiture, originaire du nom d'une marque déposée.	Klaxon	General	Medio	FR
K	Commence par	Petite structure ou pavillon dans la rue où l'on vend traditionnellement des journaux, des magazines ou des fleurs.	Kiosque	General	Medio	FR
L	Commence par	Le plus long fleuve de France, sur les rives duquel ont été construits de nombreux châteaux de la Renaissance.	Loire	General	Medio	FR
L	Commence par	Région du nord-est de la France, historiquement disputée avec l'Allemagne, qui donne son nom à une célèbre tarte salée.	Lorraine	General	Medio	FR
L	Commence par	Troisième ville la plus peuplée de France, considérée comme la capitale mondiale de la gastronomie et célèbre pour sa Fête des Lumières.	Lyon	General	Medio	FR
M	Commence par	Chant patriotique de la Révolution française devenu l'hymne national du pays.	Marseillaise	General	Medio	FR
M	Commence par	Quartier parisien situé sur une colline, point de rencontre historique des artistes bohèmes, des peintres et des cabarets.	Montmartre	General	Medio	FR
M	Commence par	Pseudonyme du dramaturge et acteur français du XVIIe siècle, créateur de la Comédie-Française et auteur de "L'Avare".	Molière	General	Medio	FR
N	Commence par	Majestueuse cathédrale de style gothique située sur l'île de la Cité, en plein cœur historique de Paris (... de Paris).	Notre-Dame	General	Medio	FR
N	Commence par	Prénom du brillant militaire et homme d'État français qui fut couronné empereur en 1804 (... Bonaparte).	Napoléon	General	Medio	FR
N	Commence par	Région historique du nord-ouest de la France connue pour le débarquement militaire allié du 6 juin 1944.	Normandie	General	Medio	FR
O	Commence par	Important musée parisien consacré à l'art du XIXe siècle, notamment impressionniste, situé dans une ancienne gare (Musée d'...).	Orsay	General	Medio	FR
O	Commence par	Arbre très abondant dans la Provence française dont le fruit est utilisé pour extraire de l'huile.	Olivier	General	Medio	FR
O	Commence par	Plat traditionnel très populaire composé d'œufs battus cuits à la poêle avec du beurre ou de l'huile.	Omelette	General	Medio	FR
P	Commence par	Région historique du sud-est de la France, célèbre pour la Côte d'Azur, ses champs de lavande et son climat ensoleillé.	Provence	General	Medio	FR
P	Commence par	Sport très populaire en France, particulièrement dans le sud, consistant à lancer des boules métalliques le plus près possible d'un petit but en bois.	Pétanque	General	Medio	FR
P	Commence par	Substance aromatique liquide dont la France est le leader mondial, avec la ville de Grasse comme capitale historique.	Parfum	General	Medio	FR
Q	Commence par	Quartier étudiant historique et animé de Paris situé sur la rive gauche de la Seine, autour de la Sorbonne (... Latin).	Quartier	General	Medio	FR
Q	Commence par	Tarte salée traditionnelle de la gastronomie française préparée avec une base de pâte brisée, de la crème, des œufs et divers ingrédients.	Quiche	General	Medio	FR
Q	Commence par	Berge pavée d'un fleuve ou d'un canal, très caractéristique à Paris sur les bords de la Seine, où l'on se promène et vend des livres anciens.	Quai	General	Medio	FR
R	Commence par	L'un des fleuves les plus importants d'Europe, qui traverse des villes françaises comme Lyon et Avignon avant de se jeter dans la Méditerranée.	Rhône	General	Medio	FR
R	Commence par	Célèbre plat provençal, particulièrement de Nice, composé d'un ragoût de légumes comme des aubergines, des courgettes, des poivrons et des tomates.	Ratatouille	General	Medio	FR
R	Commence par	Nom de famille de l'un des plus célèbres peintres impressionnistes français, auteur du "Déjeuner des canotiers" (Pierre-Auguste...).	Renoir	General	Medio	FR
S	Commence par	Basilique catholique à dôme blanc située au point le plus élevé de la colline de Montmartre, à Paris (...-Cœur).	Sacré	General	Medio	FR
S	Commence par	Mot de salutation ou d'adieu informel en français, très courant entre amis ou membres de la famille.	Salut	General	Medio	FR
S	Commence par	Université historique et prestigieuse de Paris, fondée au XIIIe siècle, symbole de l'enseignement supérieur français.	Sorbonne	General	Medio	FR
T	Commence par	Célèbre et exigeante course cycliste par étapes qui a lieu chaque année en parcourant une grande partie de la géographie française (... de France).	Tour	General	Medio	FR
T	Commence par	Ville du sud de la France, siège de l'industrie aérospatiale européenne, populairement connue sous le nom de "La Ville Rose".	Toulouse	General	Medio	FR
T	Commence par	Célèbre tarte française aux pommes caramélisées qui est cuite à l'envers (Tarte...).	Tatin	General	Medio	FR
U	Commence par	Mot en français pour désigner l'ensemble de toutes les choses physiques qui existent, le cosmos.	Univers	General	Medio	FR
U	Commence par	Communauté politique et économique de 27 pays européens dont la France est membre fondateur (... Européenne).	Union	General	Medio	FR
U	Commence par	Service d'un hôpital destiné à accueillir les patients nécessitant des soins médicaux immédiats.	Urgences	General	Medio	FR
V	Commence par	Ville et majestueux palais près de Paris, résidence officielle des rois de France comme Louis XIV.	Versailles	General	Medio	FR
V	Commence par	Boisson alcoolisée dérivée du raisin ; la France est l'un des producteurs les plus importants et historiques au monde.	Vin	General	Medio	FR
V	Commence par	Pseudonyme de l'influent écrivain et philosophe des Lumières françaises, auteur du conte "Candide".	Voltaire	General	Medio	FR
W	Commence par	Toilettes ou cabinet d'aisance ; sigle d'une expression anglaise adopté par les Français.	WC	General	Medio	FR
W	Commence par	Voiture-restaurant d'un train, mot que le français a directement emprunté à l'ingénierie ferroviaire britannique.	Wagon	General	Medio	FR
W	Commence par	Réseau de connexion sans fil à Internet ; en France, il est très courant de le prononcer "ui-fi".	Wi-Fi	General	Medio	FR
X	Contient la	Grande ville du sud-ouest de la France, capitale de la Nouvelle-Aquitaine, mondialement célèbre pour la qualité exceptionnelle de ses vins.	Bordeaux	General	Medio	FR
X	Contient la	Superbe commune des Alpes françaises, célèbre pour être un grand centre d'alpinisme et de sports d'hiver au pied du mont Blanc.	Chamonix	General	Medio	FR
X	Contient la	Adjectif français utilisé pour décrire une personne âgée, ou quelque chose d'ancien ou usé par le temps.	Vieux	General	Medio	FR
Y	Commence par	Très célèbre créateur de mode français qui a fondé la marque de haute couture du même nom dans les années 60 (... Saint Laurent).	Yves	General	Medio	FR
Y	Commence par	Département français de la région Île-de-France, où se trouve la célèbre ville de Versailles.	Yvelines	General	Medio	FR
Y	Contient la	Troisième plus grande ville de France par sa population, située au confluent du Rhône et de la Saône.	Lyon	General	Medio	FR
Z	Commence par	Nom de famille du légendaire milieu de terrain français d'origine algérienne qui a mené la France à la victoire lors de la Coupe du Monde 1998 (Zinédine...).	Zidane	General	Medio	FR
Z	Commence par	Nom de famille du célèbre écrivain et journaliste français, père du naturalisme littéraire et auteur du manifeste "J'accuse...!" (Émile...).	Zola	General	Medio	FR
Z	Commence par	Nom donné en France aux grandes salles de concerts ou arénas polyvalentes, présentes dans presque toutes les grandes villes.	Zénith	General	Medio	FR
A	Commence par	Ancienne province française, dont la capitale était Strasbourg, souvent disputée avec l'Allemagne.	Alsace	General	Difícil	FR
A	Commence par	Dramaturge français du XXe siècle, célèbre pour sa réécriture de la pièce "Antigone" en 1944.	Anouilh	General	Difícil	FR
A	Commence par	Nom donné à la période de l'histoire et aux institutions de la France avant la Révolution de 1789 (L'... Régime).	Ancien	General	Difícil	FR
B	Commence par	Poète "maudit" français du XIXe siècle, auteur du célèbre recueil "Les Fleurs du mal".	Baudelaire	General	Difícil	FR
B	Commence par	Philosophe française, figure majeure du féminisme et auteure de l'essai "Le Deuxième Sexe".	Beauvoir	General	Difícil	FR
B	Commence par	Inventeur français du système d'écriture tactile pour les personnes aveugles	Braille	General	Difícil	FR
C	Commence par	Écrivain et philosophe français, figure de l'existentialisme et auteur du roman "L'Étranger".	Camus	General	Difícil	FR
C	Commence par	Courant littéraire et artistique du XVIIe siècle en France, caractérisé par la recherche de l'ordre et de la mesure.	Classicisme	General	Difícil	FR
C	Commence par	Explorateur français du XVIe siècle qui a revendiqué le Canada pour la France (Jacques...).	Cartier	General	Difícil	FR
D	Commence par	Grand peintre romantique français, célèbre pour son tableau "La Liberté guidant le peuple".	Delacroix	General	Difícil	FR
D	Commence par	Nom de l'officier juif dont la fausse accusation de trahison a profondément divisé la France à la fin du XIXe siècle (L'Affaire...).	Dreyfus	General	Difícil	FR
D	Commence par	Grand romancier français du XIXe siècle, auteur des "Trois Mousquetaires" et du "Comte de Monte-Cristo" (Alexandre...).	Dumas	General	Difícil	FR
E	Commence par	Vaste ouvrage dirigé par Diderot et d'Alembert au XVIIIe siècle pour rassembler toutes les connaissances de l'époque.	Encyclopédie	General	Difícil	FR
E	Commence par	Héroïne tragique de la littérature française, protagoniste du célèbre roman de Gustave Flaubert (Emma...).	Bovary (Correction: Ce mot commence par B. Utilisons Esmeralda)	General	Difícil	FR
E	Commence par	Personnage féminin principal, une jeune bohémienne, dans le roman "Notre-Dame de Paris" de Victor Hugo.	Esmeralda	General	Difícil	FR
E	Commence par	Courant philosophique du XXe siècle, porté par Sartre, mettant l'accent sur la liberté absolue et le choix individuel.	Existentialisme	General	Difícil	FR
F	Commence par	Fabuliste français du XVIIe siècle, célèbre pour ses poèmes moraux mettant en scène des animaux (Jean de La...).	Fontaine	General	Difícil	FR
F	Commence par	Célèbre peintre français du style rococo au XVIIIe siècle, auteur du tableau "Le Verrou".	Fragonard	General	Difícil	FR
F	Commence par	Philosophe français du XXe siècle, célèbre pour ses travaux sur le pouvoir, la folie et la sexualité (Michel...).	Foucault	General	Difícil	FR
G	Commence par	Artiste postimpressionniste français qui a fui la civilisation occidentale pour peindre à Tahiti (Paul...).	Gauguin	General	Difícil	FR
G	Commence par	Architecte français qui a conçu le majestueux et opulent Opéra de Paris au XIXe siècle (Charles...).	Garnier	General	Difícil	FR
G	Commence par	Personnage gigantesque créé par l'écrivain de la Renaissance François Rabelais, père de Pantagruel.	Gargantua	General	Difícil	FR
H	Commence par	Baron et préfet de la Seine qui a dirigé les grands travaux de modernisation de Paris sous le Second Empire.	Haussmann	General	Difícil	FR
H	Commence par	Nom donné aux protestants français, victimes de persécutions pendant les guerres de religion aux XVIe et XVIIe siècles.	Huguenots	General	Difícil	FR
H	Commence par	Militaire de la cavalerie légère française, ou titre du célèbre roman de Jean Giono ("Le ... sur le toit").	Hussard	General	Difícil	FR
I	Commence par	Dramaturge français d'origine roumaine, l'un des pères du théâtre de l'absurde, auteur de "La Cantatrice chauve".	Ionesco	General	Difícil	FR
I	Commence par	Ancienne colonie française en Asie du Sud-Est, comprenant le Vietnam, le Laos et le Cambodge actuels.	Indochine	General	Difícil	FR
I	Commence par	Peintre néoclassique français du XIXe siècle, célèbre pour son tableau "La Grande Odalisque" (Jean-Auguste-Dominique...).	Ingres	General	Difícil	FR
J	Commence par	Homme politique français, figure historique du socialisme et grand pacifiste, assassiné en 1914 (Jean...).	Jaurès	General	Difícil	FR
J	Commence par	Nom français du plus célèbre portrait peint par Léonard de Vinci, exposé au musée du Louvre (La...).	Joconde	General	Difícil	FR
J	Commence par	Membres du club politique le plus radical et intransigeant pendant la Révolution française, dirigé par Robespierre.	Jacobins	General	Difícil	FR
K	Commence par	Médecin et homme politique français, célèbre pour avoir cofondé l'ONG Médecins Sans Frontières (Bernard...).	Kouchner	General	Difícil	FR
K	Commence par	Pâtisserie traditionnelle bretonne, particulièrement riche et caramélisée, faite de pâte à pain, de beurre et de sucre.	Kouign-amann	General	Difícil	FR
K	Commence par	Général de la Révolution française, assassiné au Caire lors de la campagne d'Égypte de Bonaparte (Jean-Baptiste...).	Kléber	General	Difícil	FR
L	Commence par	Nom de famille des deux frères, Auguste et Louis, ingénieurs français inventeurs du cinématographe.	Lumière	General	Difícil	FR
L	Commence par	Aristocrate et général français qui a joué un rôle décisif aux côtés des Américains dans leur guerre d'indépendance (Marquis de...).	Lafayette	General	Difícil	FR
L	Commence par	Grotte du sud-ouest de la France contenant des peintures préhistoriques exceptionnelles, surnommée la "chapelle Sixtine de la préhistoire".	Lascaux	General	Difícil	FR
M	Commence par	Écrivain français du XIXe siècle, maître incontesté de la nouvelle, auteur de "Boule de Suif" et du "Horla" (Guy de...).	Maupassant	General	Difícil	FR
M	Commence par	Président de la République française issu du parti socialiste, resté au pouvoir de 1981 à 1995 (François...).	Mitterrand	General	Difícil	FR
M	Commence par	Première dynastie des rois francs de l'histoire de France, fondée par Clovis au Ve siècle.	Mérovingiens	General	Difícil	FR
N	Commence par	Ville de l'ouest de la France où Henri IV a signé en 1598 le célèbre édit accordant des droits de culte aux protestants.	Nantes	General	Difícil	FR
N	Commence par	Pseudonyme du célèbre photographe français du XIXe siècle, pionnier de la photographie aérienne et ami des impressionnistes.	Nadar	General	Difícil	FR
N	Commence par	Courant littéraire français des années 1950, illustré par Alain Robbe-Grillet, qui remet en cause le récit traditionnel (Le ... Roman).	Nouveau	General	Difícil	FR
O	Commence par	Prénom de la pionnière du féminisme français, guillotinée en 1793, auteure de la Déclaration des droits de la femme et de la citoyenne (... de Gouges).	Olympe	General	Difícil	FR
O	Commence par	Langue romane traditionnelle historiquement parlée dans le tiers sud de la France.	Occitan	General	Difícil	FR
O	Commence par	Ville du centre de la France célèbre pour avoir été libérée du siège anglais par Jeanne d'Arc en 1429.	Orléans	General	Difícil	FR
P	Commence par	Immense écrivain français du XXe siècle, auteur de l'œuvre monumentale en sept tomes "À la recherche du temps perdu" (Marcel...).	Proust	General	Difícil	FR
P	Commence par	Scientifique français, pionnier de la microbiologie, mondialement connu pour avoir inventé le vaccin contre la rage (Louis...).	Pasteur	General	Difícil	FR
P	Commence par	Monument de style néoclassique situé à Paris, dont la vocation est d'honorer et d'abriter les cendres des grands personnages de la nation.	Panthéon	General	Difícil	FR
Q	Commence par	Nom du tragique sonneur de cloches bossu de la cathédrale dans le roman "Notre-Dame de Paris" de Victor Hugo.	Quasimodo	General	Difícil	FR
Q	Commence par	Écrivain français, cofondateur du groupe littéraire expérimental de l'Oulipo et auteur de "Zazie dans le métro" (Raymond...).	Queneau	General	Difícil	FR
Q	Commence par	Régime politique républicain en vigueur en France après la Seconde Guerre mondiale, de 1946 à 1958 (La ... République).	Quatrième	General	Difícil	FR
R	Commence par	Grand philosophe des Lumières, né à Genève mais figure centrale de la Révolution française, auteur du "Contrat social" (Jean-Jacques...).	Rousseau	General	Difícil	FR
R	Commence par	Avocat et homme politique, figure majeure et implacable de la Révolution française, principal instigateur de la Terreur (Maximilien...).	Robespierre	General	Difícil	FR
R	Commence par	Grand dramaturge français du XVIIe siècle, maître de la tragédie classique, auteur de "Phèdre" et "Andromaque" (Jean...).	Racine	General	Difícil	FR
S	Commence par	Philosophe et romancier français, père de l'existentialisme, qui a décliné le prix Nobel de littérature en 1964 (Jean-Paul...).	Sartre	General	Difícil	FR
S	Commence par	Pseudonyme de l'écrivain Henri Beyle, grand romancier du XIXe siècle, auteur de "Le Rouge et le Noir" et "La Chartreuse de Parme".	Stendhal	General	Difícil	FR
S	Commence par	Surnom métaphorique et royal donné au monarque absolu Louis XIV, symbolisant son rayonnement (Le Roi-...).	Soleil	General	Difícil	FR
T	Commence par	Penseur politique, magistrat et historien français du XIXe siècle, célèbre pour son analyse "De la démocratie en Amérique" (Alexis de...).	Tocqueville	General	Difícil	FR
T	Commence par	Réalisateur français, figure de proue de la Nouvelle Vague au cinéma, auteur du film "Les Quatre Cents Coups" (François...).	Truffaut	General	Difícil	FR
T	Commence par	Groupe de la société d'Ancien Régime en France qui représentait la majorité du peuple, n'appartenant ni au clergé ni à la noblesse (Le ... état).	Tiers	General	Difícil	FR
U	Commence par	Dessinateur français d'origine italienne, cocréateur avec René Goscinny de la célèbre bande dessinée Astérix (Albert...).	Uderzo	General	Difícil	FR
U	Commence par	Prénom du pape d'origine française (né Eudes de Châtillon) qui a prêché la première croisade en l'an 1095 (... II).	Urbain	General	Difícil	FR
U	Commence par	Concept philosophique et politique désignant une société idéale, parfaite et sans défaut, souvent utilisé en littérature.	Utopie	General	Difícil	FR
V	Commence par	Poète français, figure du mouvement symboliste et "prince des poètes", célèbre pour sa relation tumultueuse avec Arthur Rimbaud (Paul...).	Verlaine	General	Difícil	FR
V	Commence par	Chef gaulois historique qui a réussi à unir les tribus celtes pour s'opposer à la conquête romaine menée par Jules César.	Vercingétorix	General	Difícil	FR
V	Commence par	Grand écrivain français, visionnaire et pionnier de la science-fiction, auteur de "Vingt Mille Lieues sous les mers" (Jules...).	Verne	General	Difícil	FR
W	Commence par	Célèbre bataille survenue en 1815 en Belgique actuelle, marquant la défaite militaire définitive de Napoléon Ier.	Waterloo	General	Difícil	FR
W	Commence par	Peintre français du XVIIIe siècle, créateur du genre pictural des "fêtes galantes" (Jean-Antoine...).	Watteau	General	Difícil	FR
W	Commence par	Archipel d'Océanie qui, avec Futuna, forme une collectivité d'outre-mer appartenant à la France (...-et-Futuna).	Wallis	General	Difícil	FR
X	Contient la	Nom de famille de l'aviateur et écrivain français, humaniste, célèbre pour avoir écrit "Le Petit Prince" (Antoine de Saint-...).	Exupéry	General	Difícil	FR
X	Contient la	Palais majestueux et célèbre jardin public situé à Paris, où siège actuellement le Sénat français.	Luxembourg	General	Difícil	FR
X	Commence par	Lettre de l'alphabet utilisée en France pour surnommer l'École polytechnique, l'une des plus prestigieuses écoles d'ingénieurs (L'...).	X	General	Difícil	FR
Y	Commence par	Première femme élue à la prestigieuse Académie française en 1980, auteure du roman "Mémoires d'Hadrien" (Marguerite...).	Yourcenar	General	Difícil	FR
Y	Commence par	Département français situé dans la région Bourgogne-Franche-Comté dont la ville préfecture est Auxerre.	Yonne	General	Difícil	FR
Y	Commence par	Petite île française située dans l'océan Atlantique, célèbre pour avoir abrité la prison du maréchal Pétain (L'île d'...).	Yeu	General	Difícil	FR
Z	Commence par	Unité d'infanterie légère de l'armée française créée en Algérie au XIXe siècle, mondialement célèbre pour ses uniformes exotiques.	Zouaves	General	Difícil	FR
Z	Commence par	Conte philosophique oriental écrit par Voltaire en 1747, racontant les aventures d'un jeune philosophe babylonien.	Zadig	General	Difícil	FR
Z	Commence par	Mot désignant une discorde ou un désaccord profond, souvent utilisé dans l'expression "semer la..." (également titre d'un album d'Astérix).	Zizanie	General	Difícil	FR
A	Commence par	Grande plante avec un tronc en bois et des feuilles.	Arbre	Definición	Fácil	FR
A	Commence par	Pièces et billets utilisés pour acheter des choses.	Argent	Definición	Fácil	FR
A	Commence par	Période de 365 jours ou 12 mois.	Année	Definición	Fácil	FR
B	Commence par	Partie du visage utilisée pour manger et parler.	Bouche	Definición	Fácil	FR
B	Commence par	Moyen de transport qui navigue sur l'eau.	Bateau	Definición	Fácil	FR
B	Commence par	Couleur de la neige et du lait.	Blanc	Definición	Fácil	FR
C	Commence par	Animal domestique qui aboie et qui est considéré comme le meilleur ami de l'homme.	Chien	Definición	Fácil	FR
C	Commence par	Ce qui pousse sur la tête des humains.	Cheveux	Definición	Fácil	FR
C	Commence par	Organe qui bat dans la poitrine, symbole de l'amour.	Cœur	Definición	Fácil	FR
D	Commence par	Petite pièce dure et blanche dans la bouche, utilisée pour mâcher.	Dent	Definición	Fácil	FR
D	Commence par	Chacune des cinq parties articulées à la fin de la main humaine.	Doigt	Definición	Fácil	FR
D	Commence par	Le jour qui vient juste après aujourd'hui.	Demain	Definición	Fácil	FR
E	Commence par	Liquide transparent, indispensable à la vie, que l'on boit quand on a soif.	Eau	Definición	Fácil	FR
E	Commence par	Garçon ou fille qui n'est pas encore un adulte.	Enfant	Definición	Fácil	FR
E	Commence par	Lieu avec des professeurs où les élèves vont pour apprendre.	École	Definición	Fácil	FR
F	Commence par	Être humain adulte de sexe féminin.	Femme	Definición	Fácil	FR
F	Commence par	Partie colorée d'une plante qui sent souvent bon.	Fleur	Definición	Fácil	FR
F	Commence par	Sensation de basse température que l'on ressent souvent en hiver.	Froid	Definición	Fácil	FR
G	Commence par	Enfant de sexe masculin.	Garçon	Definición	Fácil	FR
G	Commence par	Lieu où les trains s'arrêtent pour prendre et laisser des passagers.	Gare	Definición	Fácil	FR
G	Commence par	Qui a une taille importante, le contraire de petit.	Grand	Definición	Fácil	FR
H	Commence par	Être humain adulte de sexe masculin.	Homme	Definición	Fácil	FR
H	Commence par	Période de temps composée de 60 minutes.	Heure	Definición	Fácil	FR
H	Commence par	La saison la plus froide de l'année, où il peut neiger.	Hiver	Definición	Fácil	FR
I	Commence par	Ce que l'on a dans la tête quand on pense ou invente quelque chose de nouveau.	Idée	Definición	Fácil	FR
I	Commence par	Terre qui est complètement entourée par l'eau.	Île	Definición	Fácil	FR
I	Commence par	Représentation visuelle, comme un dessin ou une photographie.	Image	Definición	Fácil	FR
J	Commence par	Période de 24 heures, ou la période où il fait clair dehors.	Jour	Definición	Fácil	FR
J	Commence par	Qui n'est pas vieux, qui a peu d'années de vie.	Jeune	Definición	Fácil	FR
J	Commence par	Partie du corps humain utilisée pour marcher, située entre le pied et le bassin.	Jambe	Definición	Fácil	FR
K	Commence par	Unité de poids qui vaut mille grammes.	Kilo	Definición	Fácil	FR
K	Commence par	Petit fruit vert à l'intérieur avec une peau marron et poilue.	Kiwi	Definición	Fácil	FR
K	Commence par	Petite boutique dans la rue qui vend des journaux et des magazines.	Kiosque	Definición	Fácil	FR
L	Commence par	Objet avec des pages en papier utilisé pour lire des histoires ou étudier.	Livre	Definición	Fácil	FR
L	Commence par	Meuble confortable sur lequel on s'allonge pour dormir la nuit.	Lit	Definición	Fácil	FR
L	Commence par	Liquide blanc produit par les vaches que l'on boit souvent au petit-déjeuner.	Lait	Definición	Fácil	FR
M	Commence par	Bâtiment où habite une famille.	Maison	Definición	Fácil	FR
M	Commence par	Partie du corps située à la fin du bras, avec cinq doigts.	Main	Definición	Fácil	FR
M	Commence par	La première partie de la journée, du lever du soleil jusqu'à midi.	Matin	Definición	Fácil	FR
N	Commence par	Période sombre de la journée où le soleil n'est pas là et où l'on dort.	Nuit	Definición	Fácil	FR
N	Commence par	Mot qui sert à appeler ou identifier une personne ou une chose.	Nom	Definición	Fácil	FR
N	Commence par	Partie du visage située au milieu, utilisée pour respirer et sentir les odeurs.	Nez	Definición	Fácil	FR
O	Commence par	Animal avec des plumes et des ailes qui vole dans le ciel.	Oiseau	Definición	Fácil	FR
O	Commence par	Organe du visage qui permet de voir (mot au singulier).	Œil	Definición	Fácil	FR
O	Commence par	Machine électronique avec un écran et un clavier pour travailler, chercher ou jouer.	Ordinateur	Definición	Fácil	FR
P	Commence par	Aliment de base cuit au four, fait avec de la farine et de l'eau.	Pain	Definición	Fácil	FR
P	Commence par	L'homme qui a des enfants, le papa.	Père	Definición	Fácil	FR
P	Commence par	Ouverture en bois ou en métal pour entrer et sortir d'une pièce ou d'une maison.	Porte	Definición	Fácil	FR
Q	Commence par	Phrase que l'on dit pour demander quelque chose ou obtenir une information.	Question	Definición	Fácil	FR
Q	Commence par	Partie d'une ville où vivent des habitants.	Quartier	Definición	Fácil	FR
Q	Commence par	Le chiffre qui vient juste après trois.	Quatre	Definición	Fácil	FR
R	Commence par	Couleur du sang ou d'une tomate mûre.	Rouge	Definición	Fácil	FR
R	Commence par	Route dans une ville avec des maisons et des magasins de chaque côté.	Rue	Definición	Fácil	FR
R	Commence par	Nourriture que l'on mange à un moment précis de la journée, comme le déjeuner ou le dîner.	Repas	Definición	Fácil	FR
S	Commence par	Étoile jaune qui brille dans le ciel le jour et donne de la lumière et de la chaleur.	Soleil	Definición	Fácil	FR
S	Commence par	Période de sept jours, qui commence le lundi et finit le dimanche.	Semaine	Definición	Fácil	FR
S	Commence par	Fille qui a les mêmes parents que vous.	Sœur	Definición	Fácil	FR
T	Commence par	Meuble plat avec des pieds, sur lequel on mange ou on travaille.	Table	Definición	Fácil	FR
T	Commence par	Partie supérieure du corps humain avec le visage, les cheveux et le cerveau.	Tête	Definición	Fácil	FR
T	Commence par	La planète sur laquelle nous vivons, ou le sol sous nos pieds.	Terre	Definición	Fácil	FR
U	Commence par	Grand bâtiment avec des machines où l'on fabrique des produits.	Usine	Definición	Fácil	FR
U	Commence par	Qui sert à quelque chose, qui est pratique et rend service.	Utile	Definición	Fácil	FR
U	Commence par	Le tout premier chiffre avec lequel on commence à compter.	Un	Definición	Fácil	FR
V	Commence par	Véhicule à quatre roues et un moteur pour se déplacer sur la route.	Voiture	Definición	Fácil	FR
V	Commence par	Grand lieu avec beaucoup d'habitants, de maisons, de rues et de magasins, comme Paris.	Ville	Definición	Fácil	FR
V	Commence par	Nourriture qui provient des animaux (bœuf, poulet, porc, etc.).	Viande	Definición	Fácil	FR
W	Commence par	Partie d'un train, sans moteur, destinée à transporter des voyageurs ou des marchandises.	Wagon	Definición	Fácil	FR
W	Commence par	Fin de la semaine, samedi et dimanche, où l'on ne travaille généralement pas.	Week-end	Definición	Fácil	FR
W	Commence par	Réseau informatique mondial utilisé pour trouver des informations sur Internet.	Web	Definición	Fácil	FR
X	Contient la	Le nombre qui vient exactement après neuf.	Dix	Definición	Fácil	FR
X	Contient la	Le nombre qui vient exactement après cinq.	Six	Definición	Fácil	FR
X	Contient la	Voiture avec un chauffeur que l'on paie pour nous emmener à une adresse précise.	Taxi	Definición	Fácil	FR
Y	Commence par	Organes du visage qui permettent de voir (mot au pluriel).	Yeux	Definición	Fácil	FR
Y	Commence par	Produit laitier crémeux que l'on mange souvent avec une cuillère au dessert.	Yaourt	Definición	Fácil	FR
Y	Contient la	Objet en plastique ou en métal avec de l'encre, utilisé pour écrire sur du papier.	Stylo	Definición	Fácil	FR
Z	Commence par	Animal sauvage d'Afrique qui ressemble à un cheval, avec des rayures noires et blanches.	Zèbre	Definición	Fácil	FR
Z	Commence par	Le chiffre qui veut dire qu'il n'y a rien.	Zéro	Definición	Fácil	FR
Z	Commence par	Grand parc fermé où l'on peut aller voir des animaux sauvages.	Zoo	Definición	Fácil	FR
A	Commence par	Grande plante avec un tronc en bois et des feuilles.	Arbre	Definición	Medio	FR
A	Commence par	Pièces et billets utilisés pour acheter des choses.	Argent	Definición	Medio	FR
A	Commence par	Période de 365 jours ou 12 mois.	Année	Definición	Medio	FR
B	Commence par	Partie du visage utilisée pour manger et parler.	Bouche	Definición	Medio	FR
B	Commence par	Moyen de transport qui navigue sur l'eau.	Bateau	Definición	Medio	FR
B	Commence par	Couleur de la neige et du lait.	Blanc	Definición	Medio	FR
C	Commence par	Animal domestique qui aboie et qui est considéré comme le meilleur ami de l'homme.	Chien	Definición	Medio	FR
C	Commence par	Ce qui pousse sur la tête des humains.	Cheveux	Definición	Medio	FR
C	Commence par	Organe qui bat dans la poitrine, symbole de l'amour.	Cœur	Definición	Medio	FR
D	Commence par	Petite pièce dure et blanche dans la bouche, utilisée pour mâcher.	Dent	Definición	Medio	FR
D	Commence par	Chacune des cinq parties articulées à la fin de la main humaine.	Doigt	Definición	Medio	FR
D	Commence par	Le jour qui vient juste après aujourd'hui.	Demain	Definición	Medio	FR
E	Commence par	Liquide transparent, indispensable à la vie, que l'on boit quand on a soif.	Eau	Definición	Medio	FR
E	Commence par	Garçon ou fille qui n'est pas encore un adulte.	Enfant	Definición	Medio	FR
E	Commence par	Lieu avec des professeurs où les élèves vont pour apprendre.	École	Definición	Medio	FR
F	Commence par	Être humain adulte de sexe féminin.	Femme	Definición	Medio	FR
F	Commence par	Partie colorée d'une plante qui sent souvent bon.	Fleur	Definición	Medio	FR
F	Commence par	Sensation de basse température que l'on ressent souvent en hiver.	Froid	Definición	Medio	FR
G	Commence par	Enfant de sexe masculin.	Garçon	Definición	Medio	FR
G	Commence par	Lieu où les trains s'arrêtent pour prendre et laisser des passagers.	Gare	Definición	Medio	FR
G	Commence par	Qui a une taille importante, le contraire de petit.	Grand	Definición	Medio	FR
H	Commence par	Être humain adulte de sexe masculin.	Homme	Definición	Medio	FR
H	Commence par	Période de temps composée de 60 minutes.	Heure	Definición	Medio	FR
H	Commence par	La saison la plus froide de l'année, où il peut neiger.	Hiver	Definición	Medio	FR
I	Commence par	Ce que l'on a dans la tête quand on pense ou invente quelque chose de nouveau.	Idée	Definición	Medio	FR
I	Commence par	Terre qui est complètement entourée par l'eau.	Île	Definición	Medio	FR
I	Commence par	Représentation visuelle, comme un dessin ou une photographie.	Image	Definición	Medio	FR
J	Commence par	Période de 24 heures, ou la période où il fait clair dehors.	Jour	Definición	Medio	FR
J	Commence par	Qui n'est pas vieux, qui a peu d'années de vie.	Jeune	Definición	Medio	FR
J	Commence par	Partie du corps humain utilisée pour marcher, située entre le pied et le bassin.	Jambe	Definición	Medio	FR
K	Commence par	Unité de poids qui vaut mille grammes.	Kilo	Definición	Medio	FR
K	Commence par	Petit fruit vert à l'intérieur avec une peau marron et poilue.	Kiwi	Definición	Medio	FR
K	Commence par	Petite boutique dans la rue qui vend des journaux et des magazines.	Kiosque	Definición	Medio	FR
L	Commence par	Objet avec des pages en papier utilisé pour lire des histoires ou étudier.	Livre	Definición	Medio	FR
L	Commence par	Meuble confortable sur lequel on s'allonge pour dormir la nuit.	Lit	Definición	Medio	FR
L	Commence par	Liquide blanc produit par les vaches que l'on boit souvent au petit-déjeuner.	Lait	Definición	Medio	FR
M	Commence par	Bâtiment où habite une famille.	Maison	Definición	Medio	FR
M	Commence par	Partie du corps située à la fin du bras, avec cinq doigts.	Main	Definición	Medio	FR
M	Commence par	La première partie de la journée, du lever du soleil jusqu'à midi.	Matin	Definición	Medio	FR
N	Commence par	Période sombre de la journée où le soleil n'est pas là et où l'on dort.	Nuit	Definición	Medio	FR
N	Commence par	Mot qui sert à appeler ou identifier une personne ou une chose.	Nom	Definición	Medio	FR
N	Commence par	Partie du visage située au milieu, utilisée pour respirer et sentir les odeurs.	Nez	Definición	Medio	FR
O	Commence par	Animal avec des plumes et des ailes qui vole dans le ciel.	Oiseau	Definición	Medio	FR
O	Commence par	Organe du visage qui permet de voir (mot au singulier).	Œil	Definición	Medio	FR
O	Commence par	Machine électronique avec un écran et un clavier pour travailler, chercher ou jouer.	Ordinateur	Definición	Medio	FR
P	Commence par	Aliment de base cuit au four, fait avec de la farine et de l'eau.	Pain	Definición	Medio	FR
P	Commence par	L'homme qui a des enfants, le papa.	Père	Definición	Medio	FR
P	Commence par	Ouverture en bois ou en métal pour entrer et sortir d'une pièce ou d'une maison.	Porte	Definición	Medio	FR
Q	Commence par	Phrase que l'on dit pour demander quelque chose ou obtenir une information.	Question	Definición	Medio	FR
Q	Commence par	Partie d'une ville où vivent des habitants.	Quartier	Definición	Medio	FR
Q	Commence par	Le chiffre qui vient juste après trois.	Quatre	Definición	Medio	FR
R	Commence par	Couleur du sang ou d'une tomate mûre.	Rouge	Definición	Medio	FR
R	Commence par	Route dans une ville avec des maisons et des magasins de chaque côté.	Rue	Definición	Medio	FR
R	Commence par	Nourriture que l'on mange à un moment précis de la journée, comme le déjeuner ou le dîner.	Repas	Definición	Medio	FR
S	Commence par	Étoile jaune qui brille dans le ciel le jour et donne de la lumière et de la chaleur.	Soleil	Definición	Medio	FR
S	Commence par	Période de sept jours, qui commence le lundi et finit le dimanche.	Semaine	Definición	Medio	FR
S	Commence par	Fille qui a les mêmes parents que vous.	Sœur	Definición	Medio	FR
T	Commence par	Meuble plat avec des pieds, sur lequel on mange ou on travaille.	Table	Definición	Medio	FR
T	Commence par	Partie supérieure du corps humain avec le visage, les cheveux et le cerveau.	Tête	Definición	Medio	FR
T	Commence par	La planète sur laquelle nous vivons, ou le sol sous nos pieds.	Terre	Definición	Medio	FR
U	Commence par	Grand bâtiment avec des machines où l'on fabrique des produits.	Usine	Definición	Medio	FR
U	Commence par	Qui sert à quelque chose, qui est pratique et rend service.	Utile	Definición	Medio	FR
U	Commence par	Le tout premier chiffre avec lequel on commence à compter.	Un	Definición	Medio	FR
V	Commence par	Véhicule à quatre roues et un moteur pour se déplacer sur la route.	Voiture	Definición	Medio	FR
V	Commence par	Grand lieu avec beaucoup d'habitants, de maisons, de rues et de magasins, comme Paris.	Ville	Definición	Medio	FR
V	Commence par	Nourriture qui provient des animaux (bœuf, poulet, porc, etc.).	Viande	Definición	Medio	FR
W	Commence par	Partie d'un train, sans moteur, destinée à transporter des voyageurs ou des marchandises.	Wagon	Definición	Medio	FR
W	Commence par	Fin de la semaine, samedi et dimanche, où l'on ne travaille généralement pas.	Week-end	Definición	Medio	FR
W	Commence par	Réseau informatique mondial utilisé pour trouver des informations sur Internet.	Web	Definición	Medio	FR
X	Contient la	Le nombre qui vient exactement après neuf.	Dix	Definición	Medio	FR
X	Contient la	Le nombre qui vient exactement après cinq.	Six	Definición	Medio	FR
X	Contient la	Voiture avec un chauffeur que l'on paie pour nous emmener à une adresse précise.	Taxi	Definición	Medio	FR
Y	Commence par	Organes du visage qui permettent de voir (mot au pluriel).	Yeux	Definición	Medio	FR
Y	Commence par	Produit laitier crémeux que l'on mange souvent avec une cuillère au dessert.	Yaourt	Definición	Medio	FR
Y	Contient la	Objet en plastique ou en métal avec de l'encre, utilisé pour écrire sur du papier.	Stylo	Definición	Medio	FR
Z	Commence par	Animal sauvage d'Afrique qui ressemble à un cheval, avec des rayures noires et blanches.	Zèbre	Definición	Medio	FR
Z	Commence par	Le chiffre qui veut dire qu'il n'y a rien.	Zéro	Definición	Medio	FR
Z	Commence par	Grand parc fermé où l'on peut aller voir des animaux sauvages.	Zoo	Definición	Medio	FR
A	Commence par	Action d'obtenir quelque chose en échange d'argent.	Achat	Definición	Difícil	FR
A	Commence par	Le temps qui vient après le présent; le futur.	Avenir	Definición	Difícil	FR
A	Commence par	Arriver à un but ou à un objectif précis.	Atteindre	Definición	Difícil	FR
B	Commence par	État de satisfaction complète et de joie.	Bonheur	Definición	Difícil	FR
B	Commence par	Son fort, souvent désagréable ou non harmonieux.	Bruit	Definición	Difícil	FR
B	Commence par	Lésion physique faite au corps par un choc ou une arme.	Blessure	Definición	Difícil	FR
C	Commence par	Sentiment de sécurité envers quelqu'un ou quelque chose.	Confiance	Definición	Difícil	FR
C	Commence par	Organe situé dans la tête, centre du système nerveux.	Cerveau	Definición	Difícil	FR
C	Commence par	Énergie thermique ou sensation de température élevée.	Chaleur	Definición	Difícil	FR
D	Commence par	Action de trouver ce qui était caché ou inconnu.	Découverte	Definición	Difícil	FR
D	Commence par	Situation où l'on risque de subir un mal ou un accident.	Danger	Definición	Difícil	FR
D	Commence par	Sensation physique ou morale pénible et désagréable.	Douleur	Definición	Difícil	FR
E	Commence par	Surface d'un appareil (TV, mobile) où s'affichent les images.	Écran	Definición	Difícil	FR
E	Commence par	Sentiment qui fait croire que ce que l'on désire est possible.	Espoir	Definición	Difícil	FR
E	Commence par	Objet composé de deux montants et de barreaux pour monter.	Échelle	Definición	Difícil	FR
F	Commence par	Limite qui sépare deux États ou deux territoires.	Frontière	Definición	Difícil	FR
F	Commence par	Qui respecte ses engagements et ses amitiés.	Fidèle	Definición	Difícil	FR
F	Commence par	Sentiment de satisfaction et de dignité envers soi-même.	Fierté	Definición	Difícil	FR
G	Commence par	Action de remporter une victoire ou un prix.	Gagner	Definición	Difícil	FR
G	Commence par	Arrêt collectif du travail pour obtenir des revendications.	Grève	Definición	Difícil	FR
G	Commence par	Mot familier pour désigner un enfant ou un jeune garçon.	Gamin	Definición	Difícil	FR
H	Commence par	État d'esprit ou disposition émotionnelle du moment.	Humeur	Definición	Difícil	FR
H	Commence par	Sentiment d'humiliation ou de malaise après une faute.	Honte	Definición	Difícil	FR
H	Commence par	Sentiment de profonde hostilité envers quelqu'un.	Haine	Definición	Difícil	FR
I	Commence par	État de trouble causé par une peur ou un souci.	Inquiétude	Definición	Difícil	FR
I	Commence par	Signe ou fait qui permet de deviner ou de prouver quelque chose.	Indice	Definición	Difícil	FR
I	Commence par	État de celui qui a trop bu d'alcool.	Ivresse	Definición	Difícil	FR
J	Commence par	Chacun des deux enfants nés d'une même grossesse.	Jumeau	Definición	Difícil	FR
J	Commence par	Sentiment d'envie envers quelqu'un qui possède un avantage.	Jalousie	Definición	Difícil	FR
J	Commence par	Qualité de ce qui est exact, précis ou fondé.	Justesse	Definición	Difícil	FR
K	Commence par	Avertisseur sonore d'un véhicule.	Klaxon	Definición	Difícil	FR
K	Commence par	Petite construction sur le trottoir pour vendre des journaux.	Kiosque	Definición	Difícil	FR
K	Commence par	Fête populaire en plein air, souvent organisée par une école.	Kermesse	Definición	Difícil	FR
L	Commence par	Lumière faible et diffuse.	Lueur	Definición	Difícil	FR
L	Commence par	Prix payé chaque mois pour occuper un logement.	Loyer	Definición	Difícil	FR
L	Commence par	Effort vigoureux pour obtenir quelque chose ou vaincre.	Lutte	Definición	Difícil	FR
M	Commence par	Signe ou parole qui annonce un danger ou un mal futur.	Menace	Definición	Difícil	FR
M	Commence par	Sentiment par lequel on juge quelqu'un indigne d'estime.	Mépris	Definición	Difícil	FR
M	Commence par	Ce qui sert pour parvenir à un résultat ou un but.	Moyen	Definición	Difícil	FR
N	Commence par	Étage ou degré d'une échelle ou d'une valeur.	Niveau	Definición	Difícil	FR
N	Commence par	Entrelacement d'un fil ou d'une corde que l'on serre.	Noeud	Definición	Difícil	FR
N	Commence par	Faire du mal ou causer un préjudice à quelqu'un.	Nuire	Definición	Difícil	FR
O	Commence par	Perturbation atmosphérique avec du vent, de la pluie et du tonnerre.	Orage	Definición	Difícil	FR
O	Commence par	Sensation perçue par le sens de l'odorat.	Odeur	Definición	Difícil	FR
O	Commence par	Objet fabriqué qui sert à faire un travail manuel.	Outil	Definición	Difícil	FR
P	Commence par	Ce qui sert à établir la vérité d'un fait.	Preuve	Definición	Difícil	FR
P	Commence par	Action de diviser et distribuer quelque chose entre plusieurs personnes.	Partage	Definición	Difícil	FR
P	Commence par	Mesure de la force de gravitation sur un corps; sa lourdeur.	Poids	Definición	Difícil	FR
Q	Commence par	Qui se fait ou revient tous les jours.	Quotidien	Definición	Difícil	FR
Q	Commence par	Ce qui rend une chose supérieure aux autres; sa valeur.	Qualité	Definición	Difícil	FR
Q	Commence par	Recherche longue et difficile de quelque chose ou quelqu'un.	Quête	Definición	Difícil	FR
R	Commence par	Images et pensées qui surviennent pendant le sommeil.	Rêve	Definición	Difícil	FR
R	Commence par	Action de livrer une marchandise ou de pardonner une peine.	Remise	Definición	Difícil	FR
R	Commence par	Prix exigé pour la libération d'une personne enlevée.	Rançon	Definición	Difícil	FR
S	Commence par	État de bon fonctionnement de l'organisme.	Santé	Definición	Difícil	FR
S	Commence par	Connaissances approfondies et prudence dans la conduite.	Sagesse	Definición	Difícil	FR
S	Commence par	Expression du visage qui marque le plaisir ou l'amusement.	Sourire	Definición	Difícil	FR
T	Commence par	Personne qui a vu ou entendu un fait et peut le rapporter.	Témoin	Definición	Difícil	FR
T	Commence par	Travail précis qui doit être accompli dans un temps donné.	Tâche	Definición	Difícil	FR
T	Commence par	Chemin parcouru pour aller d'un point à un autre.	Trajet	Definición	Difícil	FR
U	Commence par	Nécessité d'agir très vite pour éviter un danger.	Urgence	Definición	Difícil	FR
U	Commence par	Détérioration d'un objet par un usage prolongé.	Usure	Definición	Difícil	FR
U	Commence par	Qui peut servir à quelque chose; avantageux.	Utile	Definición	Difícil	FR
V	Commence par	Déplacement effectué vers un lieu éloigné pour le plaisir.	Voyage	Definición	Difícil	FR
V	Commence par	Ce qui est vrai, par opposition au mensonge o à l'erreur.	Vérité	Definición	Difícil	FR
V	Commence par	Grandeur qui mesure la rapidité d'un mouvement.	Vitesse	Definición	Difícil	FR
W	Commence par	Voiture d'un train destinée au transport.	Wagon	Definición	Difícil	FR
W	Commence par	Période de repos à la fin de la semaine.	Week-end	Definición	Difícil	FR
W	Commence par	Système de pages publiques reliées par Internet.	Web	Definición	Difícil	FR
X	Contient la	Épreuve qui sert à vérifier les connaissances d'un élève.	Examen	Definición	Difícil	FR
X	Contient la	Action de s'entraîner pour améliorer une compétence.	Exercice	Definición	Difícil	FR
X	Contient la	Bannissement d'une personne hors de sa patrie.	Exil	Definición	Difícil	FR
Y	Commence par	Produit laitier fermenté, souvent blanc et crémeux.	Yaourt	Definición	Difícil	FR
Y	Commence par	Organes de la vision (pluriel d'œil).	Yeux	Definición	Difícil	FR
Y	Commence par	Discipline indienne visant à l'harmonie du corps et de l'esprit.	Yoga	Definición	Difícil	FR
Z	Commence par	Ardeur et enthousiasme mis au service d'une cause.	Zèle	Definición	Difícil	FR
Z	Commence par	Surface de terrain qui a des caractéristiques particulières.	Zone	Definición	Difícil	FR
Z	Commence par	Ligne qui change de direction alternativement à gauche et à droite.	Zigzag	Definición	Difícil	FR
						
A	Empieza por	Vehículo de gran tamaño con alas que sirve para viajar por el cielo.	Avión	General	Fácil	ES
A	Empieza por	Joya redonda de metal que se pone en los dedos de la mano.	Anillo	General	Fácil	ES
A	Empieza por	Animal de ocho patas conocido por tejer telarañas.	Araña	General	Fácil	ES
B	Empieza por	Vehículo ecológico de dos ruedas que se mueve al pedalear.	Bicicleta	General	Fácil	ES
B	Empieza por	Recipiente, generalmente de plástico o cristal, que sirve para guardar líquidos como el agua.	Botella	General	Fácil	ES
B	Empieza por	Prenda de vestir de lana o tela que se pone alrededor del cuello para protegerlo del frío.	Bufanda	General	Fácil	ES
C	Empieza por	Mueble con colchón, sábanas y almohada donde dormimos por las noches.	Cama	General	Fácil	ES
C	Empieza por	Edificio o lugar donde viven las personas con su familia.	Casa	General	Fácil	ES
C	Empieza por	Vehículo a motor con cuatro ruedas que usamos para movernos por la ciudad o carretera.	Coche	General	Fácil	ES
D	Empieza por	Cada uno de los cinco apéndices alargados que tenemos en las manos y en los pies.	Dedo	General	Fácil	ES
D	Empieza por	El último día de la semana, que suele ser de descanso.	Domingo	General	Fácil	ES
D	Empieza por	Reptil gigante que vivió hace millones de años y que ya está extinguido.	Dinosaurio	General	Fácil	ES
E	Empieza por	Animal terrestre más grande del mundo, conocido por sus grandes orejas y su larga trompa.	Elefante	General	Fácil	ES
E	Empieza por	Lugar al que van los niños todos los días para aprender y estudiar.	Escuela	General	Fácil	ES
E	Empieza por	Astro brillante que podemos ver en el cielo por las noches.	Estrella	General	Fácil	ES
F	Empieza por	El mes más corto del año, que suele tener 28 días.	Febrero	General	Fácil	ES
F	Empieza por	Emisión de luz y calor producida por algo que se quema, de color naranja o rojo.	Fuego	General	Fácil	ES
F	Empieza por	Fruta de color rojo, pequeña y dulce, que tiene sus pepitas por fuera.	Fresa	General	Fácil	ES
G	Empieza por	Animal felino doméstico que maúlla y al que le gusta atrapar ratones.	Gato	General	Fácil	ES
G	Empieza por	Objeto con dos cristales y unas patillas que usamos para ver mejor o protegernos del sol.	Gafas	General	Fácil	ES
G	Empieza por	Instrumento musical de madera que se toca rasgueando sus seis cuerdas.	Guitarra	General	Fácil	ES
H	Empieza por	Alimento ovalado y con cáscara que ponen las gallinas.	Huevo	General	Fácil	ES
H	Empieza por	Agua que se ha vuelto sólida y muy fría por estar a temperaturas bajo cero.	Hielo	General	Fácil	ES
H	Empieza por	Insecto muy pequeño y trabajador que vive en colonias bajo tierra.	Hormiga	General	Fácil	ES
I	Empieza por	Porción de tierra que está completamente rodeada de agua por todas partes.	Isla	General	Fácil	ES
I	Empieza por	Estación del año más fría, en la que cae la nieve.	Invierno	General	Fácil	ES
I	Empieza por	Edificio religioso al que van los cristianos para rezar o ir a misa.	Iglesia	General	Fácil	ES
J	Empieza por	Animal salvaje africano que tiene el cuello muy largo para llegar a las hojas altas.	Jirafa	General	Fácil	ES
J	Empieza por	El cuarto día de la semana, que va antes del viernes.	Jueves	General	Fácil	ES
J	Empieza por	Producto que hace espuma con el agua y que usamos para lavarnos las manos o el cuerpo.	Jabón	General	Fácil	ES
K	Empieza por	Medida de peso muy común que equivale a mil gramos.	Kilo	General	Fácil	ES
K	Empieza por	Animal australiano parecido a un osito de peluche que duerme mucho y come eucalipto.	Koala	General	Fácil	ES
K	Empieza por	Fruta pequeña con la piel marrón y peluda, y el interior de color verde brillante.	Kiwi	General	Fácil	ES
L	Empieza por	El satélite natural de la Tierra que brilla en el cielo por la noche.	Luna	General	Fácil	ES
L	Empieza por	Fruta cítrica de color amarillo que es muy ácida.	Limón	General	Fácil	ES
L	Empieza por	Fiera salvaje de la sábana africana que tiene una gran melena y ruge.	León	General	Fácil	ES
M	Empieza por	Parte del cuerpo que termina en los cinco dedos y sirve para agarrar cosas.	Mano	General	Fácil	ES
M	Empieza por	Mueble plano con cuatro patas sobre el que ponemos los platos para comer.	Mesa	General	Fácil	ES
M	Empieza por	Fruta redonda que puede ser roja, verde o amarilla, muy presente en los cuentos.	Manzana	General	Fácil	ES
N	Empieza por	Parte de la cara que tiene dos agujeros y nos sirve para oler y respirar.	Nariz	General	Fácil	ES
N	Empieza por	Masa de vapor de agua de color blanco o gris que flota en el cielo.	Nube	General	Fácil	ES
N	Empieza por	El color de la noche o del carbón.	Negro	General	Fácil	ES
Ñ	Contiene la	Persona en sus primeros años de vida, desde que nace hasta que llega a la pubertad.	Niño	General	Fácil	ES
Ñ	Contiene la	Fruta tropical amarilla, muy dulce, que tiene una corona de hojas verdes puntiagudas.	Piña	General	Fácil	ES
Ñ	Contiene la	Trozo de tela o papel que sirve para limpiarse la nariz o el sudor.	Pañuelo	General	Fácil	ES
O	Empieza por	Gran masa de agua salada que cubre la mayor parte del planeta Tierra.	Océano	General	Fácil	ES
O	Empieza por	Órgano de la cara que nos permite ver todo lo que nos rodea.	Ojo	General	Fácil	ES
O	Empieza por	Animal salvaje, grande y peludo, al que le encanta comer miel.	Oso	General	Fácil	ES
P	Empieza por	Animal doméstico de cuatro patas que ladra y mueve la cola cuando está contento.	Perro	General	Fácil	ES
P	Empieza por	Prenda de vestir que cubre las piernas, generalmente desde la cintura hasta los tobillos.	Pantalón	General	Fácil	ES
P	Empieza por	Animal que tiene el cuerpo cubierto de plumas y alas para volar.	Pájaro	General	Fácil	ES
Q	Empieza por	Alimento salado que se hace con leche de vaca, oveja o cabra.	Queso	General	Fácil	ES
Q	Empieza por	El número que va exactamente después del catorce.	Quince	General	Fácil	ES
Q	Empieza por	Herida dolorosa en la piel causada por tocar algo muy caliente o por el fuego.	Quemadura	General	Fácil	ES
R	Empieza por	Animal pequeño roedor, con bigotes y cola larga, al que le gusta el queso.	Ratón	General	Fácil	ES
R	Empieza por	Aparato que llevamos en la muñeca o colgamos en la pared para saber qué hora es.	Reloj	General	Fácil	ES
R	Empieza por	Flor muy bonita y romántica que tiene espinas en su tallo.	Rosa	General	Fácil	ES
S	Empieza por	Mueble con respaldo y cuatro patas que sirve para sentarse.	Silla	General	Fácil	ES
S	Empieza por	Reptil largo y sin patas que se arrastra por el suelo para moverse.	Serpiente	General	Fácil	ES
S	Empieza por	Astro que brilla en el cielo por el día y nos da luz y mucho calor en verano.	Sol	General	Fácil	ES
T	Empieza por	Aparato que sirve para hablar a distancia con otras personas o usar internet.	Teléfono	General	Fácil	ES
T	Empieza por	Medio de transporte largo formado por una locomotora y varios vagones.	Tren	General	Fácil	ES
T	Empieza por	Utensilio de mesa con tres o cuatro púas que usamos para pinchar la comida.	Tenedor	General	Fácil	ES
U	Empieza por	Fruta pequeña y redonda, verde o morada, que crece en racimos.	Uva	General	Fácil	ES
U	Empieza por	Parte dura que crece en la punta de los dedos de las manos y los pies.	Uña	General	Fácil	ES
U	Empieza por	El primer número entero de todos.	Uno	General	Fácil	ES
V	Empieza por	Animal de granja que come hierba, hace "mu" y nos da leche.	Vaca	General	Fácil	ES
V	Empieza por	Prenda de vestir, generalmente femenina, de una sola pieza que cubre cuerpo y piernas.	Vestido	General	Fácil	ES
V	Empieza por	Aire que se mueve con fuerza en la calle y que mueve las hojas de los árboles.	Viento	General	Fácil	ES
W	Empieza por	Deporte que se juega en una piscina donde dos equipos intentan meter gol con una pelota.	Waterpolo	General	Fácil	ES
W	Contiene la	Sistema de red inalámbrica que usamos en casa o en el móvil para conectarnos a internet.	Wifi	General	Fácil	ES
W	Empieza por	Red informática mundial por la que navegamos todos los días (World Wide...).	Web	General	Fácil	ES
X	Empieza por	Instrumento musical formado por láminas de madera o metal que se tocan con dos palillos.	Xilófono	General	Fácil	ES
X	Contiene la	Coche de servicio público, generalmente blanco, con conductor que nos lleva donde le digamos.	Taxi	General	Fácil	ES
X	Contiene la	Deporte de combate en el que dos personas luchan golpeándose solo con los puños enfundados en guantes.	Boxeo	General	Fácil	ES
Y	Empieza por	Parte amarilla que está en el centro de un huevo.	Yema	General	Fácil	ES
Y	Empieza por	Postre de leche fermentada muy rico que solemos comer con una cuchara.	Yogur	General	Fácil	ES
Y	Empieza por	Barco privado y de lujo que la gente usa para navegar por placer.	Yate	General	Fácil	ES
Z	Empieza por	Calzado resistente que nos ponemos en los pies para salir a la calle.	Zapato	General	Fácil	ES
Z	Empieza por	Animal salvaje del bosque que se parece a un perro, es de color rojizo y muy astuto.	Zorro	General	Fácil	ES
Z	Empieza por	Hortaliza de color naranja, alargada, que es la comida favorita de los conejos.	Zanahoria	General	Fácil	ES
A	Empieza por	Famoso conjunto monumental de palacios y jardines de origen andalusí situado en Granada.	Alhambra	General	Medio	ES
A	Empieza por	Técnica pictórica que emplea colores diluidos en agua sobre papel o cartulina.	Acuarela	General	Medio	ES
A	Empieza por	Clase de animal vertebrado que puede vivir tanto en el agua como en la tierra, como la rana o el sapo.	Anfibio	General	Medio	ES
B	Empieza por	Estilo artístico y cultural del siglo XVII caracterizado por la ornamentación excesiva y el contraste de luces y sombras.	Barroco	General	Medio	ES
B	Empieza por	Nombre de la torre bíblica cuya construcción, según el Génesis, provocó la confusión de las lenguas de la humanidad.	Babel	General	Medio	ES
B	Empieza por	Planta de tallo largo y leñoso, originaria de Asia, que constituye el alimento principal de los osos panda.	Bambú	General	Medio	ES
C	Empieza por	Apellido del ilustre escritor español, máxima figura de nuestra literatura y autor de "Don Quijote de la Mancha".	Cervantes	General	Medio	ES
C	Empieza por	Famoso e imponente anfiteatro de la época del Imperio romano, situado en el centro de Roma.	Coliseo	General	Medio	ES
C	Empieza por	Energía que posee un cuerpo a causa de su movimiento físico.	Cinética	General	Medio	ES
D	Empieza por	Apellido del famoso pintor surrealista español, autor de obras como "La persistencia de la memoria".	Dalí	General	Medio	ES
D	Empieza por	Sistema político que defiende la soberanía del pueblo y su derecho a elegir a sus gobernantes mediante el voto.	Democracia	General	Medio	ES
D	Empieza por	Terreno de forma triangular comprendido entre los brazos de un río en su desembocadura, como el del Nilo o el Ebro.	Delta	General	Medio	ES
E	Empieza por	Fenómeno astronómico que se produce cuando un cuerpo celeste oculta a otro transitoriamente, proyectando su sombra.	Eclipse	General	Medio	ES
E	Empieza por	Criatura mitológica con cabeza humana y cuerpo de león, muy famosa por su gran estatua en el antiguo Egipto.	Esfinge	General	Medio	ES
E	Empieza por	Nombre de la montaña más alta del mundo sobre el nivel del mar, situada en la cordillera del Himalaya.	Everest	General	Medio	ES
F	Empieza por	Proceso químico que tiene lugar en las plantas con clorofila y que permite transformar la luz solar en energía.	Fotosíntesis	General	Medio	ES
F	Empieza por	Título que recibían los antiguos reyes de Egipto, considerados como dioses en la Tierra.	Faraón	General	Medio	ES
F	Empieza por	Ave zancuda de plumaje rosado, o género musical y de danza tradicional originario de Andalucía.	Flamenco	General	Medio	ES
G	Empieza por	Hombre que en los juegos públicos de la antigua Roma combatía con armas contra otros hombres o animales salvajes.	Gladiador	General	Medio	ES
G	Empieza por	Agrupación de estrellas, polvo cósmico y materia oscura en el espacio; nuestro sistema solar pertenece a la Vía Láctea.	Galaxia	General	Medio	ES
G	Empieza por	Apellido del genial pintor aragonés, autor de obras maestras como "El tres de mayo" y "La maja desnuda".	Goya	General	Medio	ES
H	Empieza por	Nombre del antiguo poeta griego al que se atribuye la autoría de las epopeyas de la "Ilíada" y la "Odisea".	Homero	General	Medio	ES
H	Empieza por	Cada una de las dos mitades de una esfera, como las que dividen a la Tierra por la línea del ecuador.	Hemisferio	General	Medio	ES
H	Empieza por	Gran cordillera montañosa de Asia donde se encuentran los picos más altos del planeta Tierra.	Himalaya	General	Medio	ES
I	Empieza por	Nombre del antiguo imperio y civilización precolombina que se asentó principalmente en el territorio del actual Perú.	Inca	General	Medio	ES
I	Empieza por	Propiedad de los cuerpos físicos de mantener su estado de reposo o movimiento constante si no actúa ninguna fuerza sobre ellos.	Inercia	General	Medio	ES
I	Empieza por	Refugio construido con bloques de hielo o nieve endurecida en forma de cúpula, típico de los esquimales.	Iglú	General	Medio	ES
J	Empieza por	País asiático compuesto por miles de islas, conocido como "el país del sol naciente", cuya capital es Tokio.	Japón	General	Medio	ES
J	Empieza por	El planeta más grande del sistema solar y el quinto en orden de lejanía al Sol.	Júpiter	General	Medio	ES
J	Empieza por	Artista ambulante que en la Edad Media recitaba poesía, cantaba o hacía malabares ante el público para entretener.	Juglar	General	Medio	ES
K	Empieza por	Apellido del célebre escritor y filósofo bohemio en lengua alemana, autor de la novela "La metamorfosis".	Kafka	General	Medio	ES
K	Empieza por	En la religión budista y el hinduismo, creencia según la cual los actos de una persona determinan su destino en la próxima reencarnación.	Karma	General	Medio	ES
K	Empieza por	Término que designaba a los pilotos suicidas de la aviación militar japonesa durante la Segunda Guerra Mundial.	Kamikaze	General	Medio	ES
L	Empieza por	Nombre de pila del polímata y genio renacentista italiano, autor del cuadro "La Gioconda" o "Mona Lisa" (... Da Vinci).	Leonardo	General	Medio	ES
L	Empieza por	Capa sólida y exterior de la Tierra, formada por la corteza terrestre y la parte superior del manto.	Litosfera	General	Medio	ES
L	Empieza por	Lengua clásica de la antigua Roma de la que derivan idiomas como el español, el francés y el italiano.	Latín	General	Medio	ES
M	Empieza por	Región histórica de Oriente Medio situada entre los ríos Tigris y Éufrates, considerada una de las cunas de la civilización.	Mesopotamia	General	Medio	ES
M	Empieza por	Clase de animal vertebrado y de sangre caliente cuyas crías se alimentan de la leche de sus madres.	Mamífero	General	Medio	ES
M	Empieza por	Apellido del genial compositor austriaco del periodo clásico, conocido como un niño prodigio de la música (Wolfgang Amadeus...).	Mozart	General	Medio	ES
N	Empieza por	Río africano que atraviesa Egipto y es uno de los más largos del mundo, fundamental para la civilización del Antiguo Egipto.	Nilo	General	Medio	ES
N	Empieza por	Tipo de célula fundamental del sistema nervioso central, encargada de recibir y transmitir los impulsos nerviosos.	Neurona	General	Medio	ES
N	Empieza por	Apellido del químico sueco que inventó la dinamita y cedió su fortuna para crear los premios internacionales más prestigiosos.	Nobel	General	Medio	ES
Ñ	Contiene la	Estación del año que comienza en septiembre en el hemisferio norte y se caracteriza por la caída de las hojas de los árboles.	Otoño	General	Medio	ES
Ñ	Contiene la	Gran espacio de tierra llana, generalmente dedicado al cultivo o la labranza.	Campiña	General	Medio	ES
Ñ	Contiene la	Lengua romance derivada del latín que se originó en la península ibérica y hoy hablan millones de personas en América.	Español	General	Medio	ES
O	Empieza por	Competiciones deportivas internacionales de múltiples disciplinas que se celebran cada cuatro años desde la antigua Grecia.	Olimpiadas	General	Medio	ES
O	Empieza por	Gas natural cuyas moléculas tienen tres átomos de oxígeno y que forma una capa protectora contra la radiación ultravioleta.	Ozono	General	Medio	ES
O	Empieza por	Conjunto numeroso de músicos que interpretan obras musicales sinfónicas con diversos instrumentos, habitualmente bajo la batuta de un director.	Orquesta	General	Medio	ES
P	Empieza por	Nombre del gigantesco supercontinente que existió hace millones de años y que agrupaba la mayor parte de las tierras emergidas del planeta.	Pangea	General	Medio	ES
P	Empieza por	Apellido del universal pintor malagueño, co-creador del cubismo y autor del "Guernica".	Picasso	General	Medio	ES
P	Empieza por	Primer antibiótico, descubierto por Alexander Fleming en 1928, que revolucionó para siempre la medicina moderna.	Penicilina	General	Medio	ES
Q	Empieza por	Apellido del gran poeta, prosista y pensador español del Siglo de Oro, máximo exponente del conceptismo literario (Francisco de...).	Quevedo	General	Medio	ES
Q	Empieza por	Sobrenombre del hidalgo Alonso Quijano en la famosa y universal novela de caballerías escrita por Miguel de Cervantes (Don...).	Quijote	General	Medio	ES
Q	Empieza por	Ciencia que estudia la composición, estructura y propiedades de la materia, así como sus transformaciones.	Química	General	Medio	ES
R	Empieza por	Amplio movimiento cultural e intelectual europeo de los siglos XV y XVI que se inspiró en la antigüedad clásica grecorromana.	Renacimiento	General	Medio	ES
R	Empieza por	Poderosa descarga eléctrica natural que se produce durante una tormenta, acompañada de un relámpago y el sonido de un trueno.	Rayo	General	Medio	ES
R	Empieza por	Capital de Italia, conocida históricamente como "la Ciudad Eterna" y cuna de un vasto imperio de la antigüedad.	Roma	General	Medio	ES
S	Empieza por	Nombre del desierto cálido más grande del mundo, situado en la franja norte del continente africano.	Sáhara	General	Medio	ES
S	Empieza por	Composición musical extensa para orquesta, generalmente dividida en cuatro movimientos o partes.	Sinfonía	General	Medio	ES
S	Empieza por	Cuerpo celeste opaco que gira en órbita alrededor de un planeta principal, como lo hace la Luna respecto a la Tierra.	Satélite	General	Medio	ES
T	Empieza por	Ola gigante y devastadora producida por un terremoto submarino, un maremoto o una erupción volcánica en el fondo del mar.	Tsunami	General	Medio	ES
T	Empieza por	Instrumento óptico que permite observar objetos muy lejanos con mucho más detalle, herramienta indispensable en astronomía.	Telescopio	General	Medio	ES
T	Empieza por	Antigua ciudad de Asia Menor, muy famosa por la guerra mitológica griega en la que se usó un gigantesco caballo de madera.	Troya	General	Medio	ES
U	Empieza por	Conjunto de todo lo que tiene existencia física, que incluye la materia y la energía, el espacio y el tiempo.	Universo	General	Medio	ES
U	Empieza por	Elemento químico metálico, radiactivo y muy pesado, que se utiliza de forma generalizada como combustible nuclear.	Uranio	General	Medio	ES
U	Empieza por	Siglas de la Organización de las Naciones Unidas dedicada a promover la educación, la ciencia y la cultura mundial.	Unesco	General	Medio	ES
V	Empieza por	Apellido del insigne pintor barroco sevillano, maestro de la pintura universal y autor del retrato "Las Meninas" (Diego...).	Velázquez	General	Medio	ES
V	Empieza por	Nombre dado a los pueblos guerreros y grandes navegantes de Escandinavia que realizaron temibles expediciones y saqueos en la Edad Media.	Vikingos	General	Medio	ES
V	Empieza por	Ciudad francesa a las afueras de París, mundialmente famosa por su inmenso y lujoso palacio real mandado construir por Luis XIV.	Versalles	General	Medio	ES
W	Empieza por	Apellido del comandante en jefe y primer presidente de los Estados Unidos de América, que da nombre a su capital (George...).	Washington	General	Medio	ES
W	Empieza por	Localidad belga mundialmente famosa por la decisiva y célebre batalla de 1815 que supuso la derrota definitiva del ejército de Napoleón.	Waterloo	General	Medio	ES
W	Contiene la	Apellido del brillante físico y matemático inglés que formuló la ley de la gravitación universal (Isaac...).	Newton	General	Medio	ES
X	Contiene la	Elemento químico gaseoso (O2) indispensable para la respiración de la inmensa mayoría de los seres vivos de la Tierra.	Oxígeno	General	Medio	ES
X	Contiene la	Importante país norteamericano de habla hispana cuya capital está construida sobre las antiguas ruinas de Tenochtitlán.	México	General	Medio	ES
X	Contiene la	Conjunto o agrupación enorme de estrellas, gas y polvo cósmico; la Vía Láctea es una de ellas.	Galaxia	General	Medio	ES
Y	Empieza por	Antiguo estado europeo de la península de los Balcanes que acabó disolviéndose en varios países (como Croacia o Serbia) en los años 90.	Yugoslavia	General	Medio	ES
Y	Contiene la	Gran cordillera asiática que discurre por países como Nepal o China y alberga las montañas más altas de la Tierra.	Himalaya	General	Medio	ES
Y	Empieza por	Lugar geológico, arqueológico o paleontológico donde se halla de forma natural una concentración significativa de minerales, fósiles o restos históricos.	Yacimiento	General	Medio	ES
Z	Empieza por	Título nobiliario equivalente al de emperador que se daba al soberano de Rusia antes de la revolución de 1917.	Zar	General	Medio	ES
Z	Empieza por	En la mitología griega, el "padre de los dioses y los hombres", gobernador del monte Olimpo y dios del rayo.	Zeus	General	Medio	ES
Z	Empieza por	Banda de la esfera celeste por la que se mueven aparentemente el Sol y los planetas, dividida en doce signos astrológicos clásicos.	Zodíaco	General	Medio	ES
A	Empieza por	Batalla naval del año 31 a. C. en la que Octavio derrotó a la flota de Marco Antonio y Cleopatra.	Accio	General	Difícil	ES
A	Empieza por	Filósofo y teólogo italiano del siglo XIII, máximo representante de la escolástica medieval (Tomás de...).	Aquino	General	Difícil	ES
A	Empieza por	Último emperador del Imperio incaico, ejecutado por Francisco Pizarro en 1533 tras pagar un inmenso rescate.	Atahualpa	General	Difícil	ES
B	Empieza por	Antigua y próspera ciudad mesopotámica famosa por sus míticos jardines colgantes.	Babilonia	General	Difícil	ES
B	Empieza por	Apellido del cirujano sudafricano que realizó el primer trasplante de corazón humano exitoso de la historia en 1967 (Christiaan...).	Barnard	General	Difícil	ES
B	Empieza por	Dinastía real de origen francés a la que pertenece la actual familia real española.	Borbón	General	Difícil	ES
C	Empieza por	Antigua y poderosa ciudad estado fenicia situada en el actual Túnez, arrasada por Roma tras las guerras púnicas.	Cartago	General	Difícil	ES
C	Empieza por	Apellido del explorador francés que en 1534 descubrió el río San Lorenzo y reclamó el territorio de Canadá para Francia (Jacques...).	Cartier	General	Difícil	ES
C	Empieza por	Astrónomo del Renacimiento que formuló por primera vez de forma fundamentada la teoría heliocéntrica del sistema solar.	Copérnico	General	Difícil	ES
D	Empieza por	El segundo río más largo de Europa, que atraviesa diez países antes de desembocar en el mar Negro.	Danubio	General	Difícil	ES
D	Empieza por	Corriente filosófica y religiosa nacida en la Ilustración que acepta la existencia de Dios basándose en la razón, pero niega las revelaciones divinas.	Deísmo	General	Difícil	ES
D	Empieza por	Emperador romano que en el año 303 promulgó los edictos que desataron la "Gran Persecución" contra los cristianos.	Diocleciano	General	Difícil	ES
E	Empieza por	Humanista, filósofo y teólogo neerlandés del Renacimiento, autor de la famosa obra "Elogio de la locura" (... de Róterdam).	Erasmo	General	Difícil	ES
E	Empieza por	Corriente filosófica griega fundada en Atenas que defiende que el objetivo de la vida humana es alcanzar la ataraxia mediante la búsqueda de placeres moderados.	Epicureísmo	General	Difícil	ES
E	Empieza por	Sabio polímata griego, tercer director de la Biblioteca de Alejandría, famoso por ser la primera persona en calcular la circunferencia de la Tierra con gran precisión.	Eratóstenes	General	Difícil	ES
F	Empieza por	Legendario escultor de la Antigua Grecia, autor de los relieves del Partenón y de la colosal estatua de Zeus en Olimpia.	Fidias	General	Difícil	ES
F	Empieza por	Médico y neurólogo austriaco, considerado el padre del psicoanálisis y autor de "La interpretación de los sueños" (Sigmund...).	Freud	General	Difícil	ES
F	Empieza por	Apellido del ingeniero e inventor estadounidense que diseñó en 1807 el primer barco de vapor que logró un verdadero éxito comercial (Robert...).	Fulton	General	Difícil	ES
G	Empieza por	Apellido del abogado, político y pensador indio que lideró el movimiento independentista de la India mediante la resistencia pacífica.	Gandhi	General	Difícil	ES
G	Empieza por	Genial arquitecto español, máximo representante del modernismo catalán y artífice de obras como la Sagrada Familia o la Casa Batlló.	Gaudí	General	Difícil	ES
G	Empieza por	Apellido del inventor alemán que introdujo en Europa la imprenta de tipos móviles hacia el año 1450.	Gutenberg	General	Difícil	ES
H	Empieza por	Poderosa casa real que gobernó en el Sacro Imperio Romano Germánico y que dominó España durante los siglos XVI y XVII.	Habsburgo	General	Difícil	ES
H	Empieza por	Apellido del médico inglés que en 1628 describió por primera vez de forma precisa el mecanismo de la circulación sanguínea (William...).	Harvey	General	Difícil	ES
H	Empieza por	Pueblo de la Antigüedad establecido en Anatolia que rivalizó con el Imperio egipcio, protagonizando la célebre batalla de Qadesh.	Hititas	General	Difícil	ES
I	Empieza por	Movimiento cultural e intelectual europeo del siglo XVIII que defendía la luz de la razón, la ciencia y el progreso humano sobre el oscurantismo religioso.	Ilustración	General	Difícil	ES
I	Empieza por	El mayor imperio de la América precolombina, cuyo inmenso territorio se extendía a lo largo de la cordillera de los Andes desde Colombia hasta Chile.	Inca	General	Difícil	ES
I	Empieza por	Península del sudeste asiático que abarca los actuales países de Vietnam, Laos y Camboya, colonizada históricamente por el Imperio francés.	Indochina	General	Difícil	ES
J	Empieza por	Movimiento religioso de tintes calvinistas surgido en el siglo XVII dentro de la Iglesia católica que abogaba por un rigorismo moral extremo, condenado finalmente como herejía.	Jansenismo	General	Difícil	ES
J	Empieza por	Orden religiosa católica, centrada fuertemente en la educación y las misiones, fundada en el siglo XVI por San Ignacio de Loyola (Compañía de...).	Jesús	General	Difícil	ES
J	Empieza por	Gran emperador bizantino del siglo VI que intentó restaurar las antiguas fronteras del Imperio romano y recopiló su inmenso corpus jurídico.	Justiniano	General	Difícil	ES
K	Empieza por	Extensa península de origen volcánico situada en el extremo oriente de Rusia, entre el océano Pacífico y el mar de Ojotsk.	Kamchatka	General	Difícil	ES
K	Empieza por	Apellido del brillante astrónomo y matemático alemán del siglo XVII que formuló las tres leyes fundamentales sobre el movimiento de los planetas.	Kepler	General	Difícil	ES
K	Empieza por	Líder soviético que sucedió a Iósif Stalin en la URSS y denunció públicamente sus crímenes, iniciando la desestalinización (Nikita...).	Kruschev	General	Difícil	ES
L	Empieza por	Famoso e icónico rey espartano que murió luchando valerosamente contra el ejército persa en el paso de las Termópilas en el 480 a. C.	Leónidas	General	Difícil	ES
L	Empieza por	Apellido del filósofo inglés del siglo XVII, considerado el padre del empirismo moderno y uno de los fundadores del liberalismo clásico (John...).	Locke	General	Difícil	ES
L	Empieza por	Fraile y teólogo alemán que en 1517 clavó sus 95 tesis en la puerta de la iglesia de Wittenberg, desencadenando la Reforma protestante.	Lutero	General	Difícil	ES
M	Empieza por	Apellido del diplomático, filósofo y escritor florentino, autor del tratado "El Príncipe", considerado padre de la ciencia política moderna.	Maquiavelo	General	Difícil	ES
M	Empieza por	Civilización mesoamericana que destacó en toda la América precolombina por tener el único sistema de escritura plenamente desarrollado, además de avanzados calendarios.	Maya	General	Difícil	ES
M	Empieza por	Famoso huey tlatoani o gobernante azteca que dirigía la ciudad de Tenochtitlán a la llegada de Hernán Cortés en 1519.	Moctezuma	General	Difícil	ES
N	Empieza por	Brillante militar y estadista francés que conquistó gran parte de Europa a principios del siglo XIX y acabó desterrado en la isla de Santa Elena.	Napoleón	General	Difícil	ES
N	Empieza por	Civilización preincaica que floreció en la costa sur de Perú, mundialmente famosa por trazar gigantescos geoglifos y líneas sobre el desierto.	Nazca	General	Difícil	ES
N	Empieza por	Tiránico emperador romano, el último de la dinastía Julio-Claudia, al que la tradición histórica acusa de incendiar Roma en el año 64.	Nerón	General	Difícil	ES
Ñ	Contiene la	Nación europea de la península ibérica que durante los siglos XVI y XVII forjó uno de los imperios ultramarinos más extensos de la historia.	España	General	Difícil	ES
Ñ	Contiene la	Apellido del explorador español que cruzó el istmo de Panamá en 1513, siendo el primer europeo en divisar el océano Pacífico (Vasco ... de Balboa).	Núñez	General	Difícil	ES
Ñ	Contiene la	Especie de gran antílope africano famoso por protagonizar masivas e impresionantes migraciones anuales en busca de pastos frescos en el Serengueti.	Ñu	General	Difícil	ES
O	Empieza por	Legendario héroe griego, rey de Ítaca, célebre por su astucia y por tardar diez largos años en regresar a casa tras la guerra de Troya.	Odiseo	General	Difícil	ES
O	Empieza por	Ciudad y principal santuario de la Antigua Grecia, dedicado al dios Zeus, donde se celebraban cada cuatro años los juegos atléticos más importantes de la Antigüedad.	Olimpia	General	Difícil	ES
O	Empieza por	Imperio fundado en el siglo XIII que alcanzó su máximo apogeo conquistando Constantinopla y que dominó Oriente Próximo hasta el final de la Primera Guerra Mundial.	Otomano	General	Difícil	ES
P	Empieza por	Nombre científico que se le da al inmenso y único océano primitivo que rodeaba por completo el supercontinente Pangea.	Pantalasa	General	Difícil	ES
P	Empieza por	Estadista y gran orador ateniense bajo cuyo mando la ciudad de Atenas vivió su máximo esplendor político, cultural e imperial (el "Siglo de...").	Pericles	General	Difícil	ES
P	Empieza por	Genial filósofo y matemático de la Antigua Grecia al que se le atribuye un famosísimo teorema sobre los triángulos rectángulos.	Pitágoras	General	Difícil	ES
Q	Empieza por	Primera dinastía imperial de China, cuyo célebre primer emperador unificó el territorio, inició la Gran Muralla y ordenó crear los Guerreros de Terracota.	Qin	General	Difícil	ES
Q	Empieza por	Principal deidad mitológica de la cultura tolteca y azteca, representada habitualmente con la forma de una "Serpiente Emplumada".	Quetzalcóatl	General	Difícil	ES
Q	Empieza por	Sistema incaico de registro y contabilidad basado en cuerdas de lana de diferentes colores y nudos atados a lo largo de las mismas.	Quipu	General	Difícil	ES
R	Empieza por	Apellido de la última dinastía de zares y emperadores que gobernó férreamente Rusia desde 1613 hasta la Revolución de 1917.	Romanov	General	Difícil	ES
R	Empieza por	Movimiento cultural y artístico que dominó Europa en la primera mitad del siglo XIX, priorizando la imaginación, los sentimientos y la rebeldía sobre la Razón ilustrada.	Romanticismo	General	Difícil	ES
R	Empieza por	Nombre de la famosa piedra basáltica hallada en Egipto en 1799, cuya inscripción trilingüe fue la clave para poder descifrar los jeroglíficos.	Rosetta	General	Difícil	ES
S	Empieza por	Mítico y acaudalado reino de la antigüedad situado al sur de la península arábiga, gobernado por una famosa "Reina" que, según la Biblia, visitó al rey Salomón.	Saba	General	Difícil	ES
S	Empieza por	Histórica y gigantesca red de rutas comerciales interconectadas que cruzaban el continente asiático enlazando China con Europa, llamada así por su mercancía estrella (Ruta de la...).	Seda	General	Difícil	ES
S	Empieza por	Gran pensador ateniense, considerado el fundador de la filosofía moral, que nunca escribió una obra y que fue condenado a muerte bebiendo cicuta.	Sócrates	General	Difícil	ES
T	Empieza por	Cultura precolombina de Mesoamérica que estableció su poderosa capital en Tula y cuya estética militarista influyó enormemente en los mayas y aztecas.	Tolteca	General	Difícil	ES
T	Empieza por	Ciudad sede del concilio ecuménico convocado por la Iglesia católica en el siglo XVI para fijar el dogma ante la crisis de la Reforma luterana (Concilio de...).	Trento	General	Difícil	ES
T	Empieza por	Famoso faraón del Imperio Nuevo egipcio, cuyo breve reinado habría pasado desapercibido si no fuera porque su tumba intacta fue descubierta en 1922 por Howard Carter.	Tutankamón	General	Difícil	ES
U	Empieza por	Antigua y poderosa ciudad sumeria de Mesopotamia meridional, considerada el primer gran núcleo urbano de la historia y el lugar de nacimiento de Abraham.	Ur	General	Difícil	ES
U	Empieza por	Institución de educación superior que surgió a finales de la Edad Media occidental, siendo la de Bolonia la primera en fundarse.	Universidad	General	Difícil	ES
U	Empieza por	Corriente filosófica y política inglesa del siglo XIX, liderada por pensadores como John Stuart Mill, que busca lograr la mayor felicidad o bienestar posible para el mayor número de personas.	Utilitarismo	General	Difícil	ES
V	Empieza por	Antigua república y talasocracia marítima italiana que durante siglos ejerció un enorme monopolio comercial entre Europa occidental y Oriente Próximo.	Venecia	General	Difícil	ES
V	Empieza por	Tratado internacional de paz firmado en Francia en 1919 que impuso severas y humillantes reparaciones de guerra a Alemania tras la Primera Guerra Mundial.	Versalles	General	Difícil	ES
V	Empieza por	Apellido del ilustre fraile dominico y filósofo español de la Escuela de Salamanca, considerado universalmente como el fundador del derecho internacional moderno (Francisco de...).	Vitoria	General	Difícil	ES
W	Empieza por	Apellido del comandante del Ejército Continental que lideró la victoria sobre Gran Bretaña y se convirtió en el primer presidente de los EE. UU.	Washington	General	Difícil	ES
W	Empieza por	Ciudad belga famosa en el mundo entero por dar nombre a la decisiva batalla de 1815 en la que el ejército de Napoleón fue finalmente derrotado.	Waterloo	General	Difícil	ES
W	Empieza por	Apellido del geofísico y meteorólogo alemán que propuso en 1912 la revolucionaria teoría científica de la deriva continental (Alfred...).	Wegener	General	Difícil	ES
X	Contiene la	Ideología, doctrina política y modelo económico derivado de la obra de Friedrich Engels y del célebre pensador alemán que escribió "El Capital".	Marxismo	General	Difícil	ES
X	Contiene la	Importante rama del cristianismo oriental que se separó definitivamente de la Iglesia de Roma en el Gran Cisma del año 1054 (Iglesia...).	Ortodoxa	General	Difícil	ES
X	Contiene la	Corriente filosófica europea del siglo XX encabezada por pensadores como Jean-Paul Sartre y Albert Camus, que defiende que la existencia humana precede a la esencia.	Existencialismo	General	Difícil	ES
Y	Empieza por	Histórica ciudad portuaria en la península de Crimea donde se celebró en 1945 una conferencia clave entre Churchill, Roosevelt y Stalin para acordar el reparto del mundo tras la Segunda Guerra Mundial.	Yalta	General	Difícil	ES
Y	Empieza por	Nombre del río más largo de toda Asia y el tercero del planeta, un pilar fundamental en la historia, economía y geografía de China.	Yangtsé	General	Difícil	ES
Y	Contiene la	Dinastía nobiliaria inglesa representada por una rosa blanca, que disputó el trono de Inglaterra a la casa de Lancaster en la sangrienta "Guerra de las Dos Rosas".	York	General	Difícil	ES
Z	Empieza por	Cultura mesoamericana precolombina que se asentó principalmente en el actual estado mexicano de Oaxaca, donde construyeron la impresionante ciudad de Monte Albán.	Zapoteca	General	Difícil	ES
Z	Empieza por	Nombre que reciben los imponentes templos en forma de torre piramidal escalonada construidos en la antigua Mesopotamia para honrar a los dioses sumerios y babilonios.	Zigurat	General	Difícil	ES
Z	Empieza por	Antigua religión persa fundada por el profeta Zaratustra, basada en la eterna y trascendental lucha entre el principio divino del Bien (Ahura Mazda) y el del Mal (Angra Mainyu).	Zoroastrismo	General	Difícil	ES